track_id,is_high_quality,normalized_audio_path,provenance_original_audio_path,provenance_original_lyrics_path,provenance_processing_date,provenance_script_version,audio_properties_original_sr,audio_properties_target_sr,audio_properties_channels,audio_features_duration_seconds,audio_features_integrated_loudness_lufs,audio_features_snr_percentile_db,audio_features_clipping_percentage,audio_features_rms_energy_mean,audio_features_rms_energy_std,audio_features_zcr_mean,audio_features_zcr_std,audio_features_spectral_centroid_mean,audio_features_spectral_bandwidth_mean,audio_features_mfcc_0_mean,audio_features_mfcc_0_std,audio_features_mfcc_1_mean,audio_features_mfcc_1_std,audio_features_mfcc_2_mean,audio_features_mfcc_2_std,audio_features_mfcc_3_mean,audio_features_mfcc_3_std,audio_features_mfcc_4_mean,audio_features_mfcc_4_std,audio_features_mfcc_5_mean,audio_features_mfcc_5_std,audio_features_mfcc_6_mean,audio_features_mfcc_6_std,audio_features_mfcc_7_mean,audio_features_mfcc_7_std,audio_features_mfcc_8_mean,audio_features_mfcc_8_std,audio_features_mfcc_9_mean,audio_features_mfcc_9_std,audio_features_mfcc_10_mean,audio_features_mfcc_10_std,audio_features_mfcc_11_mean,audio_features_mfcc_11_std,audio_features_mfcc_12_mean,audio_features_mfcc_12_std,audio_features_vocal_dominance_score_hpss,lyrics_features_cleaned_text,lyrics_features_language_code,lyrics_features_completeness_heuristic,lyrics_features_word_count,lyrics_features_char_count,lyrics_features_sentence_count,lyrics_features_type_token_ratio
kr030a,False,processed_dataset/CSD/korean/audio_rejected/kr030a.wav,../../data/raw/CSD/korean/wav/kr030a.wav,../../data/raw/CSD/korean/lyric/kr030a.txt,2025-10-24T22:19:48.450992+00:00,1.0.0,44100,44100,2,4.5351473922902495e-05,-inf,0.3612822890281677,0.0,4.318712942819047e-09,0.0,0.0,0.0,8018.560180662061,5296.489789648529,-1131.370849609375,0.0,0.0,0.0,0.0,0.0,0.0,0.0,0.0,0.0,0.0,0.0,0.0,0.0,0.0,0.0,0.0,0.0,0.0,0.0,0.0,0.0,0.0,0.0,0.0,0.0,0.5000000596046448,기쁘다 구주 오셨네 만 백성 맞아라 온 교오회에여어어 다 이일어어나아아 다 찬양하여라 다 찬양하여라 다 차안양 차아안양하여라 구세주 탄생했으니 다 찬양하여라 이 세에사앙에에에 만무울드을아아아 다 화답하여라 다 화답하여라 다 화아답 화아아답하여라 온 세상 죄를 사하러 주 예수 오셨네 죄와아 스을프으음 몰아아내애고오오 다 구원하시네 다 구원하시네 다 구우원 구우우원하시네,ko,1.0,48,206,1,0.6666666666666666
kr042b,False,processed_dataset/CSD/korean/audio_rejected/kr042b.wav,../../data/raw/CSD/korean/wav/kr042b.wav,../../data/raw/CSD/korean/lyric/kr042b.txt,2025-10-24T22:19:48.554819+00:00,1.0.0,44100,44100,2,4.5351473922902495e-05,-inf,6.796233654022217,0.0,2.5953347804197335e-10,0.0,0.00048828125,0.0,12921.64081228494,5984.96373054975,-1131.370849609375,0.0,0.0,0.0,0.0,0.0,0.0,0.0,0.0,0.0,0.0,0.0,0.0,0.0,0.0,0.0,0.0,0.0,0.0,0.0,0.0,0.0,0.0,0.0,0.0,0.0,0.5000000596046448,둥근 해가 떴습니다 자리에서 일어나서 제일 먼저 이를 닦자 윗니 아랫니 닦자 세수할 때는 깨끗이 이쪽 저쪼옥 목 닦고 머리 빗고 옷을 입고 거어울을 봅니다 꼭꼭 씹어 밥을 먹고 가방 메고 인사하고 유치원에 갑니다아 씩씩하게 갑니다,ko,1.0,36,128,1,0.9722222222222222
kr007b,False,processed_dataset/CSD/korean/audio_rejected/kr007b.wav,../../data/raw/CSD/korean/wav/kr007b.wav,../../data/raw/CSD/korean/lyric/kr007b.txt,2025-10-24T22:19:48.590798+00:00,1.0.0,44100,44100,2,4.5351473922902495e-05,-inf,0.036110520362854004,0.0,9.011236556943913e-08,0.0,0.0,0.0,8006.601554324876,5284.982248857743,-1131.370849609375,0.0,0.0,0.0,0.0,0.0,0.0,0.0,0.0,0.0,0.0,0.0,0.0,0.0,0.0,0.0,0.0,0.0,0.0,0.0,0.0,0.0,0.0,0.0,0.0,0.0,0.5000003576278687,나뭇가지에 실처럼 날아든 솜사탕 하얀 눈처럼 희고도 깨끗한 솜사탕 엄마 손잡고 나들이 갈때 먹어본 솜사탕 후후 불면은 구멍이 뚫리는 커다란 솜사탕,ko,1.0,21,81,1,0.8571428571428571
kr049a,False,processed_dataset/CSD/korean/audio_rejected/kr049a.wav,../../data/raw/CSD/korean/wav/kr049a.wav,../../data/raw/CSD/korean/lyric/kr049a.txt,2025-10-24T22:19:48.631868+00:00,1.0.0,44100,44100,2,4.5351473922902495e-05,-inf,1.2237915992736816,0.0,1.319922304787724e-08,0.0,0.0,0.0,8102.056578925318,5369.657532034264,-1131.370849609375,0.0,0.0,0.0,0.0,0.0,0.0,0.0,0.0,0.0,0.0,0.0,0.0,0.0,0.0,0.0,0.0,0.0,0.0,0.0,0.0,0.0,0.0,0.0,0.0,0.0,0.5,당시인은 누구십니까 나아는 교오수우님 그 이이름 아름답구나 당시인은 누구십니까 나아는 대학워언생 그 이이름 씩씩하구나 당시인은 누구십니까 나아는 어어리인이 그 이이름 아름답구나 당시인은 누구십니까 나아는 초등하악생 그 이이름 씩씩하구나,ko,1.0,28,131,1,0.39285714285714285
kr043a,False,processed_dataset/CSD/korean/audio_rejected/kr043a.wav,../../data/raw/CSD/korean/wav/kr043a.wav,../../data/raw/CSD/korean/lyric/kr043a.txt,2025-10-24T22:19:48.677415+00:00,1.0.0,44100,44100,2,4.5351473922902495e-05,-inf,0.4901440441608429,0.0,1.2318361441998604e-08,0.0,0.0,0.0,8026.990171634432,5304.30946089875,-1131.370849609375,0.0,0.0,0.0,0.0,0.0,0.0,0.0,0.0,0.0,0.0,0.0,0.0,0.0,0.0,0.0,0.0,0.0,0.0,0.0,0.0,0.0,0.0,0.0,0.0,0.0,0.5000000596046448,산중호걸이라 하는 호랑님의 생일날이 되어 각색 짐승 고옹원에 모여 무도회가 열렸네 토끼는 춤추고 여우는 바이올린 찐짠 찌가찌가 찐짠 찐찐찐찐 하더라 그중에 한놈이 잘난체 하아면서 까불 까불 까불 까불 까불 까불 하더라,ko,1.0,31,121,1,0.7741935483870968
kr034b,False,processed_dataset/CSD/korean/audio_rejected/kr034b.wav,../../data/raw/CSD/korean/wav/kr034b.wav,../../data/raw/CSD/korean/lyric/kr034b.txt,2025-10-24T22:19:48.688654+00:00,1.0.0,44100,44100,2,4.5351473922902495e-05,-inf,0.1283741444349289,0.0,2.1247510417765625e-08,0.0,0.0,0.0,8008.372345950286,5286.749359975839,-1131.370849609375,0.0,0.0,0.0,0.0,0.0,0.0,0.0,0.0,0.0,0.0,0.0,0.0,0.0,0.0,0.0,0.0,0.0,0.0,0.0,0.0,0.0,0.0,0.0,0.0,0.0,0.5000002384185791,런던 다리가 무너져요 무너져요 무너져요 런던 다리가 무너져요 어떡하죠 나무 다리를 지어요 나무와 흙으로 나무 다리를 지어요 나의 친구 나무 다리는 약해요 약해요 약해요 나무 다리는 약해요 어떡하죠 강철 다리를 지어요 강철과 철근으로 강철 다리를 지어요 나의 친구 강철 다리는 휘어져요 휘어져요 휘어져요 강철 다리는 휘어져요 어떡하죠 황금 다리를 지어요 황금과 은으로 황금 다리를 지어요 나의 친구 황금 다리는 훔쳐가요 훔쳐가요 훔쳐가요 황금 다리는 훔쳐가요 어떡하죠 벽돌 다리를 지어요 벽돌과 시멘트로 벽돌 다리를 지어요 나의 친구 트은 튼히 지었어요 무너지지 아않죠 트은 튼히 지었어요 나의 친구,ko,1.0,86,334,1,0.3372093023255814
kr021a,False,processed_dataset/CSD/korean/audio_rejected/kr021a.wav,../../data/raw/CSD/korean/wav/kr021a.wav,../../data/raw/CSD/korean/lyric/kr021a.txt,2025-10-24T22:19:48.756213+00:00,1.0.0,44100,44100,2,4.5351473922902495e-05,-inf,0.9289279580116272,0.0,1.6840896677194905e-08,0.0,0.0,0.0,8067.140037482475,5340.0127006625125,-1131.370849609375,0.0,0.0,0.0,0.0,0.0,0.0,0.0,0.0,0.0,0.0,0.0,0.0,0.0,0.0,0.0,0.0,0.0,0.0,0.0,0.0,0.0,0.0,0.0,0.0,0.0,0.5000000596046448,닭장속에는 암탉이 문간 옆에는 거위가 배나무 밑엔 염소가 외양간에는 송아지 닭장속에는 암탉들이 문간 옆에는 거위들이 배나무 밑엔 염소들이 외양간에는 송아지 워히야하 워어어어허 워히야하 워어어어 깊은 산 속엔 뻐꾸기 높은 하늘엔 종달새 부뚜막 위엔 고양이 마루 밑에는 강아지 깊은 산 속엔 뻐꾸기가 높은 하늘엔 종달새가 부뚜막 위엔 고양이가 마루 밑에는 강아지 워히야하 워어어어허 워히야하 워어어어,ko,1.0,54,221,1,0.5925925925925926
kr025b,False,processed_dataset/CSD/korean/audio_rejected/kr025b.wav,../../data/raw/CSD/korean/wav/kr025b.wav,../../data/raw/CSD/korean/lyric/kr025b.txt,2025-10-24T22:19:48.768103+00:00,1.0.0,44100,44100,2,4.5351473922902495e-05,-inf,0.2585422992706299,0.0,1.0419253015925278e-08,0.0,0.0,0.0,8013.1867961965845,5291.407618388418,-1131.370849609375,0.0,0.0,0.0,0.0,0.0,0.0,0.0,0.0,0.0,0.0,0.0,0.0,0.0,0.0,0.0,0.0,0.0,0.0,0.0,0.0,0.0,0.0,0.0,0.0,0.0,0.5000000596046448,오 거룩한 밤 별들 반짝일 때 거룩한 주 탄생한 밤일세 오랫동안 죄악에 얽매여서 헤매던 죄인을 놓으시러 우리를 위해 속죄하시려는 영광의 아침 동이 터온다 경배하라 천사의 기쁜 소리 오 거룩한 밤 주님 탄생하신 밤 그 밤 주 예수 나신 밤일세,ko,1.0,39,134,1,0.7948717948717948
kr050a,False,processed_dataset/CSD/korean/audio_rejected/kr050a.wav,../../data/raw/CSD/korean/wav/kr050a.wav,../../data/raw/CSD/korean/lyric/kr050a.txt,2025-10-24T22:19:48.790473+00:00,1.0.0,44100,44100,2,4.5351473922902495e-05,-inf,0.5138587355613708,0.0,3.967507211655175e-09,0.0,0.0,0.0,8028.731573158848,5305.906386182395,-1131.370849609375,0.0,0.0,0.0,0.0,0.0,0.0,0.0,0.0,0.0,0.0,0.0,0.0,0.0,0.0,0.0,0.0,0.0,0.0,0.0,0.0,0.0,0.0,0.0,0.0,0.0,0.4999999403953552,창밖을 보라 창밖을 보라 흰눈이 내린다 창밖을 보라 창밖을 보라 찬 겨울이 왔다 썰매를 타는 어린애들은 해가는 줄도 모르고 눈길 위에다 썰매를 깔고 즐겁게 달린다 긴긴해가 다가고 어둠이 오면 오색 빛이 찬란한 거리 거리의 성탄빛 추운 겨울이 다가기 전에 마음껏 즐기라 맑고 흰 눈이 새봄빛 속에 사라지기 전에 창밖을 보라 창밖을 보라 흰눈이 내린다 창밖을 보라 창밖을 보라 찬 겨울이 왔다 썰매를 타는 어린애들은 해가는 줄도 모르고 눈길 위에다 썰매를 깔고 즐겁게 달린다 긴긴해가 다가고 어둠이 오면 오색 빛이 찬란한 거리 거리의 성탄빛 추운 겨울이 다가기 전에 마음껏 즐기라 맑고 흰 눈이 새봄빛 속에 사라지기 전에,ko,1.0,96,345,1,0.40625
kr014a,False,processed_dataset/CSD/korean/audio_rejected/kr014a.wav,../../data/raw/CSD/korean/wav/kr014a.wav,../../data/raw/CSD/korean/lyric/kr014a.txt,2025-10-24T22:19:48.793910+00:00,1.0.0,44100,44100,2,4.5351473922902495e-05,-inf,0.21303755044937134,0.0,4.503857287119217e-09,0.0,0.0,0.0,8011.229960018454,5289.5301029632565,-1131.370849609375,0.0,0.0,0.0,0.0,0.0,0.0,0.0,0.0,0.0,0.0,0.0,0.0,0.0,0.0,0.0,0.0,0.0,0.0,0.0,0.0,0.0,0.0,0.0,0.0,0.0,0.5000001192092896,우리 아기 불고 노는 하모니카는 옥수수를 가지고서 만들었어요 옥수수알 길게 두 줄 남겨가지고 우리 아기 하모니카 불고 있어요 도레미파 솔라시도 소리가 안나 도미솔도 도솔미도 말로 하지요 우리 아기 불고 노는 하모니카는 옥수수를 가지고서 만들었어요 옥수수알 길게 두 줄 남겨가지고 우리 아기 하모니카 불고 있어요 도레미파 솔라시도 소리가 안나 도미솔도 도솔미도 말로 하지요,ko,1.0,52,207,1,0.4423076923076923
kr033a,False,processed_dataset/CSD/korean/audio_rejected/kr033a.wav,../../data/raw/CSD/korean/wav/kr033a.wav,../../data/raw/CSD/korean/lyric/kr033a.txt,2025-10-24T22:19:48.844724+00:00,1.0.0,44100,44100,2,4.5351473922902495e-05,-inf,0.001970510696992278,0.0,8.122525514409062e-07,0.0,0.0,0.0,8006.390637923531,5284.76342566452,-1124.85302734375,0.0,4.440057754516602,0.0,-1.2776271104812622,0.0,-0.5172927379608154,0.0,0.669632077217102,0.0,-0.29617542028427124,0.0,-0.1461230218410492,0.0,0.221555694937706,0.0,-0.1814776360988617,0.0,-0.052718427032232285,0.0,0.0779569149017334,0.0,-0.1343763768672943,0.0,-0.015009015798568726,0.0,0.5000003576278687,귀여운 꼬마가 닭장에 가서 암탉을 잡으려다 놓쳤다네 닭장밖에 있던 배고픈 여우 올커니 하면서 물고갔다네 꼬꼬댁 암탉 소리를 쳐었네 꼬꼬댁 암탉 소리를 쳐었네 귀여운 꼬마가 그꼴을 보고 웃을까 울을까 망설였다네 귀여운 꼬마가 닭장에 가서 암탉을 잡으려다 놓쳤다네 닭장밖에 있던 배고픈 여우 올커니 하면서 물고갔다네 꼬꼬댁 암탉 소리를 쳐었네 꼬꼬댁 암탉 소리를 쳐었네 귀여운 꼬마가 그꼴을 보고 웃을까 울을까 망설였다네,ko,1.0,58,233,1,0.39655172413793105
kr019b,False,processed_dataset/CSD/korean/audio_rejected/kr019b.wav,../../data/raw/CSD/korean/wav/kr019b.wav,../../data/raw/CSD/korean/lyric/kr019b.txt,2025-10-24T22:19:48.958723+00:00,1.0.0,44100,44100,2,4.5351473922902495e-05,-inf,0.22816649079322815,0.0,2.0971855363427494e-09,0.0,0.0,0.0,8011.850859698279,5290.127754763846,-1131.370849609375,0.0,0.0,0.0,0.0,0.0,0.0,0.0,0.0,0.0,0.0,0.0,0.0,0.0,0.0,0.0,0.0,0.0,0.0,0.0,0.0,0.0,0.0,0.0,0.0,0.0,0.5000001192092896,도는 하얀 도화지 레는 둥근 레코드 미는 파란 미나리 파는 예쁜 파랑새 솔은 작은 솔방울 라는 라디오 고요 시는 졸졸 시냇물 다아 함께 부르자 도는 하얀 도화지 레는 둥근 레코드 미는 파란 미나리 파는 예쁜 파랑새 솔은 작은 솔방울 라는 라디오 고요 시는 졸졸 시냇물 다아 함께 부르자 솔도 라파 미도 레 솔도 라시 도레 도 도는 하얀 도화지 레는 둥근 레코드 미는 파란 미나리 파는 예쁜 파랑새 솔은 작은 솔방울 라는 라디오 고요 시는 졸졸 시냇물 다아 함께 부르자,ko,1.0,80,261,1,0.3875
kr006b,False,processed_dataset/CSD/korean/audio_rejected/kr006b.wav,../../data/raw/CSD/korean/wav/kr006b.wav,../../data/raw/CSD/korean/lyric/kr006b.txt,2025-10-24T22:19:48.987265+00:00,1.0.0,44100,44100,2,4.5351473922902495e-05,-inf,0.000978379393927753,0.0,8.127992146000906e-07,0.0,0.0,0.0,8006.389010276247,5284.7616155831165,-1124.80615234375,0.0,4.463523864746094,0.0,-1.292062520980835,0.0,-0.5132699608802795,0.0,0.6731408834457397,0.0,-0.302040696144104,0.0,-0.14244243502616882,0.0,0.2218586504459381,0.0,-0.18458154797554016,0.0,-0.049562640488147736,0.0,0.07696003466844559,0.0,-0.13582968711853027,0.0,-0.012538880109786987,0.0,0.5000004172325134,나비야 나비야 이리 날아 오너라 노랑나비 흰 나비 춤을 추며 오너라 봄바람에 꽃잎도 방긋방긋 웃으며 참새도 짹짹짹 노래 하며 춤춘다 나비야 나비야 이리 날아 오너라 노랑나비 흰 나비 춤을 추며 오너라 봄바람에 꽃잎도 방긋방긋 웃으며 참새도 짹짹짹 노래 하며 춤춘다,ko,1.0,40,147,1,0.45
kr004a,False,processed_dataset/CSD/korean/audio_rejected/kr004a.wav,../../data/raw/CSD/korean/wav/kr004a.wav,../../data/raw/CSD/korean/lyric/kr004a.txt,2025-10-24T22:19:49.014583+00:00,1.0.0,44100,44100,2,4.5351473922902495e-05,-inf,0.13761639595031738,0.0,2.3823176320547645e-08,0.0,0.0,0.0,8008.632617806248,5287.005208703556,-1131.370849609375,0.0,0.0,0.0,0.0,0.0,0.0,0.0,0.0,0.0,0.0,0.0,0.0,0.0,0.0,0.0,0.0,0.0,0.0,0.0,0.0,0.0,0.0,0.0,0.0,0.0,0.5000001788139343,옆집사는 개 이름 빙고라지요 비아이엔지오 비아이엔지오 비아이엔지오 빙고 개 이름 옆집사는 개 이름 빙고라지요 비아이엔지오 비아이엔지오 비아이엔지오 빙고 개 이름 옆집사는 개 이름 빙고라지요 비아이엔지오 비아이엔지오 비아이엔지오 빙고 개 이름 옆집사는 개 이름 빙고라지요 비아이엔지오 비아이엔지오 비아이엔지오 빙고 개 이름,ko,1.0,40,179,1,0.15
kr032a,False,processed_dataset/CSD/korean/audio_rejected/kr032a.wav,../../data/raw/CSD/korean/wav/kr032a.wav,../../data/raw/CSD/korean/lyric/kr032a.txt,2025-10-24T22:19:49.062972+00:00,1.0.0,44100,44100,2,4.5351473922902495e-05,-inf,0.05449403449892998,0.0,9.551558655118697e-09,0.0,0.0,0.0,8006.826407737248,5285.210826134977,-1131.370849609375,0.0,0.0,0.0,0.0,0.0,0.0,0.0,0.0,0.0,0.0,0.0,0.0,0.0,0.0,0.0,0.0,0.0,0.0,0.0,0.0,0.0,0.0,0.0,0.0,0.0,0.5000003576278687,오랫동안 사귀였던 정든 내 친구여 작별이란 왠말인가 가야만 하는가 어디 간들 잊으리오 두터운 우리 정 다시 만날 그 날 위해 노래를 부르자 잘 가시오 잘 있으오 서로 손목 잡고 석별의 정 잊지 못해 눈물만 흘리네 이 자리를 이 마음을 길이 간직하고 다시 만날 그 날 위해 노래를 부르자,ko,1.0,48,159,1,0.7916666666666666
kr020b,False,processed_dataset/CSD/korean/audio_rejected/kr020b.wav,../../data/raw/CSD/korean/wav/kr020b.wav,../../data/raw/CSD/korean/lyric/kr020b.txt,2025-10-24T22:19:49.062058+00:00,1.0.0,44100,44100,2,4.5351473922902495e-05,-inf,0.7496744990348816,0.0,3.50892537248626e-09,0.0,0.0,0.0,8048.829799961235,5323.987720526826,-1131.370849609375,0.0,0.0,0.0,0.0,0.0,0.0,0.0,0.0,0.0,0.0,0.0,0.0,0.0,0.0,0.0,0.0,0.0,0.0,0.0,0.0,0.0,0.0,0.0,0.0,0.0,0.5,참 반가운 신도여 다아 이리와서 베들레헴 서엉 내에 가 봅시다 저 구유에 누이신 아아기를 보오고 엎드으려 절하세 어엎드으려 절하세 엎드으려 절하세 구세주 났네 저 천사여 찬송을 노옾이 불러서 온 광활한 처언지를 울리게 해 주 하나님에게 늘 여엉광 돌리이고 엎드으려 절하세 엎드으려 절하세 엎드으려 절하세 구우세주 났네 이 세상에 주께서 타아안생할 때에 참 신과 참 사아람이 되시려고 동정녀의 몸에서 나아시었으으니 엎드으려 절하세 엎드으려 절하세 엎드으려 절하세 구세주 났네 여호와의 말씀이 유욱신을 입어 날 구원할 구우주가 되셨도다 늘 감사한 찬송을 도올려 보내애고 엎드으려 절하세 엎드으려 절하세 엎드으려 절하세 구우세주 났네,ko,1.0,88,351,1,0.6477272727272727
kr009b,False,processed_dataset/CSD/korean/audio_rejected/kr009b.wav,../../data/raw/CSD/korean/wav/kr009b.wav,../../data/raw/CSD/korean/lyric/kr009b.txt,2025-10-24T22:19:49.058416+00:00,1.0.0,44100,44100,2,4.5351473922902495e-05,-inf,1.9104149341583252,0.0,1.7265384677500606e-09,0.0,0.0,0.0,8201.276604884226,5448.923825546276,-1131.370849609375,0.0,0.0,0.0,0.0,0.0,0.0,0.0,0.0,0.0,0.0,0.0,0.0,0.0,0.0,0.0,0.0,0.0,0.0,0.0,0.0,0.0,0.0,0.0,0.0,0.0,0.5,딩동댕 초인종 소리에 얼른 문을 열었더니 그토록 기다리던 아빠가 문 앞에 서계셨죠 너무나 반가워 웃으며 아빠하고 불렀는데 어쩐지 오늘 아빠의 얼굴이 우울해 보이네요 무슨 일이 생겼나요 무슨 걱정 있나요 마음대로 안되는 일 오늘 있었나요 아빠 힘내세요 우리가 있잖아요 아빠 힘내세요 우리가 있어요 딩동댕 초인종 소리에 얼른 문을 열었더니 그토록 기다리던 아빠가 문 앞에 서계셨죠 너무나 반가워 웃으며 아빠하고 불렀는데 어쩐지 오늘 아빠의 얼굴이 우울해 보이네요 무슨 일이 생겼나요 무슨 걱정 있나요 마음대로 안되는 일 오늘 있었나요 아빠 힘내세요 우리가 있잖아요 아빠 힘내세요 우리가 있어요,ko,1.0,84,329,1,0.44047619047619047
kr020a,False,processed_dataset/CSD/korean/audio_rejected/kr020a.wav,../../data/raw/CSD/korean/wav/kr020a.wav,../../data/raw/CSD/korean/lyric/kr020a.txt,2025-10-24T22:19:49.070982+00:00,1.0.0,44100,44100,2,4.5351473922902495e-05,-inf,1.1146900653839111,0.0,2.2761619256073118e-09,0.0,0.0,0.0,8088.505254716901,5358.280598860874,-1131.370849609375,0.0,0.0,0.0,0.0,0.0,0.0,0.0,0.0,0.0,0.0,0.0,0.0,0.0,0.0,0.0,0.0,0.0,0.0,0.0,0.0,0.0,0.0,0.0,0.0,0.0,0.5,참 반가운 신도여 다아 이리와서 베들레헴 서엉 내에 가 봅시다 저 구유에 누이신 아아기를 보오고 엎드으려 절하세 어엎드으려 절하세 엎드으려 절하세 구세주 났네 저 천사여 찬송을 노옾이 불러서 온 광활한 처언지를 울리게 해 주 하나님에게 늘 여엉광 돌리이고 엎드으려 절하세 엎드으려 절하세 엎드으려 절하세 구우세주 났네 이 세상에 주께서 타아안생할 때에 참 신과 참 사아람이 되시려고 동정녀의 몸에서 나아시었으으니 엎드으려 절하세 엎드으려 절하세 엎드으려 절하세 구세주 났네 여호와의 말씀이 유욱신을 입어 날 구원할 구우주가 되셨도다 늘 감사한 찬송을 도올려 보내애고 엎드으려 절하세 엎드으려 절하세 엎드으려 절하세 구우세주 났네,ko,1.0,88,351,1,0.6477272727272727
kr023b,False,processed_dataset/CSD/korean/audio_rejected/kr023b.wav,../../data/raw/CSD/korean/wav/kr023b.wav,../../data/raw/CSD/korean/lyric/kr023b.txt,2025-10-24T22:19:49.063625+00:00,1.0.0,44100,44100,2,4.5351473922902495e-05,-inf,0.0021759469527751207,0.0,1.8530174656916643e-06,0.0,0.0,0.0,8006.391010008411,5284.7638328552,-1054.984130859375,0.0,19.4842529296875,0.0,-14.22243595123291,0.0,9.51898193359375,0.0,-6.303164482116699,0.0,4.019402503967285,0.0,-2.520446300506592,0.0,1.3920567035675049,0.0,-0.6990116834640503,0.0,0.10772941261529922,0.0,0.17676633596420288,0.0,-0.47779375314712524,0.0,0.5438083410263062,0.0,0.5000003576278687,길고 커다란 마루 위 시계는 우리 할아버지 시이계 구십년 전에 할아버지 태어나던 날 아침에 받은 시계란다 언제나 정답게 흔들어 주던 시계 할아버지의 옛날 시계 이젠 더 가질 않네 가지를 아아않네 구십년 동안 쉬쟎고 콕 콕 콕 할아버지와 함께 깨 깨 깨 이젠 더 가질 않네 가지를 아아않네,ko,1.0,47,160,1,0.723404255319149
kr005a,False,processed_dataset/CSD/korean/audio_rejected/kr005a.wav,../../data/raw/CSD/korean/wav/kr005a.wav,../../data/raw/CSD/korean/lyric/kr005a.txt,2025-10-24T22:19:49.085333+00:00,1.0.0,44100,44100,2,4.5351473922902495e-05,-inf,6.365165710449219,0.0,4.931023367404919e-10,0.0,0.0,0.0,9047.721228870652,5949.539307098476,-1131.370849609375,0.0,0.0,0.0,0.0,0.0,0.0,0.0,0.0,0.0,0.0,0.0,0.0,0.0,0.0,0.0,0.0,0.0,0.0,0.0,0.0,0.0,0.0,0.0,0.0,0.0,0.5,내 동생 곱슬머리 개구쟁이 내 동생 이름은 하나인데 별명은 서너개 엄마가 부를 때는 꿀돼지 아빠가 부를 때는 두꺼비 누나가 부를 때는 왕자님 어떤 게 진짜인지 몰라 몰라 몰라 내 동생 곱슬머리 개구쟁이 내 동생 이름은 하나인데 별명은 서너개 잘먹고 건강하게 꿀돼지 착하고 복스럽게 두꺼비 용감하고 슬기롭게 왕자님 어떤 게 진짜인지 몰라 몰라 몰라,ko,1.0,53,193,1,0.49056603773584906
kr026b,True,processed_dataset/CSD/korean/audio_normalized/kr026b.wav,../../data/raw/CSD/korean/wav/kr026b.wav,../../data/raw/CSD/korean/lyric/kr026b.txt,2025-10-24T22:19:49.090666+00:00,1.0.0,44100,44100,2,4.5351473922902495e-05,-inf,12.080656051635742,0.0,4.193438096766755e-10,0.0,0.0,0.0,9936.039704712726,6248.02740751361,-1131.370849609375,0.0,0.0,0.0,0.0,0.0,0.0,0.0,0.0,0.0,0.0,0.0,0.0,0.0,0.0,0.0,0.0,0.0,0.0,0.0,0.0,0.0,0.0,0.0,0.0,0.0,0.5000000596046448,나에 사알던 고향은 꽃피는 사안골 복숭아꽃 살구우꽃 아기 진다알래 울긋불긋 꽃대궐 차리인 도옹네 그 속에서 놀더언 때가 그립습니이다 꽃도옹네 새동네 나에 옛고오향 파란들 남쪼옥에서 바람이 부울면 냇가에 수양버들 춤추는 도옹네 그 속에서 놀더언 때가 그립습니이다,ko,1.0,35,145,1,0.8
kr001a,False,processed_dataset/CSD/korean/audio_rejected/kr001a.wav,../../data/raw/CSD/korean/wav/kr001a.wav,../../data/raw/CSD/korean/lyric/kr001a.txt,2025-10-24T22:19:49.120101+00:00,1.0.0,44100,44100,2,4.5351473922902495e-05,-inf,6.613044738769531,0.0,6.595076040838421e-09,0.0,0.0,0.0,9094.313001963863,5970.228406176003,-1131.370849609375,0.0,0.0,0.0,0.0,0.0,0.0,0.0,0.0,0.0,0.0,0.0,0.0,0.0,0.0,0.0,0.0,0.0,0.0,0.0,0.0,0.0,0.0,0.0,0.0,0.0,0.4999999701976776,에이 비 씨 디 이 에프 지 에이치 아이 제이 케이 엘 엠 엔 오 피 큐 알 에스 티 유 브이 더블유 엑스 와이 지 우리 모두 다 함께 에이 비 씨 디 불러요 에이 비 씨 디 이 에프 지 에이치 아이 제이 케이 엘 엠 엔 오 피 큐 알 에스 티 유 브이 더블유 엑스 와이 지 친구들과 다 함께 에이 비 씨 디 재밌어,ko,1.0,69,176,1,0.463768115942029
kr028a,False,processed_dataset/CSD/korean/audio_rejected/kr028a.wav,../../data/raw/CSD/korean/wav/kr028a.wav,../../data/raw/CSD/korean/lyric/kr028a.txt,2025-10-24T22:19:49.206424+00:00,1.0.0,44100,44100,2,4.5351473922902495e-05,-inf,0.18834730982780457,0.0,4.1866144329105737e-08,0.0,0.0,0.0,8010.289217196236,5288.62068402631,-1131.370849609375,0.0,0.0,0.0,0.0,0.0,0.0,0.0,0.0,0.0,0.0,0.0,0.0,0.0,0.0,0.0,0.0,0.0,0.0,0.0,0.0,0.0,0.0,0.0,0.0,0.0,0.5000001192092896,한 꼬마 두 꼬마 세 꼬마 인디언 네 꼬마 다섯 꼬마 여섯 꼬마 인디언 일곱 꼬마 여덟 꼬마 아홉 꼬마 인디언 열 꼬마 인디언 보이 한 꼬마 두 꼬마 세 꼬마 인디언 네 꼬마 다섯 꼬마 여섯 꼬마 인디언 일곱 꼬마 여덟 꼬마 아홉 꼬마 인디언 열 꼬마 인디언 보이,ko,1.0,50,147,1,0.26
kr014b,False,processed_dataset/CSD/korean/audio_rejected/kr014b.wav,../../data/raw/CSD/korean/wav/kr014b.wav,../../data/raw/CSD/korean/lyric/kr014b.txt,2025-10-24T22:19:49.220425+00:00,1.0.0,44100,44100,2,4.5351473922902495e-05,-inf,0.25624513626098633,0.0,2.739497739767671e-09,0.0,0.0,0.0,8013.079703643457,5291.305281975017,-1131.370849609375,0.0,0.0,0.0,0.0,0.0,0.0,0.0,0.0,0.0,0.0,0.0,0.0,0.0,0.0,0.0,0.0,0.0,0.0,0.0,0.0,0.0,0.0,0.0,0.0,0.0,0.5000001192092896,우리 아기 불고 노는 하모니카는 옥수수를 가지고서 만들었어요 옥수수알 길게 두 줄 남겨가지고 우리 아기 하모니카 불고 있어요 도레미파 솔라시도 소리가 안나 도미솔도 도솔미도 말로 하지요 우리 아기 불고 노는 하모니카는 옥수수를 가지고서 만들었어요 옥수수알 길게 두 줄 남겨가지고 우리 아기 하모니카 불고 있어요 도레미파 솔라시도 소리가 안나 도미솔도 도솔미도 말로 하지요,ko,1.0,52,207,1,0.4423076923076923
kr047b,False,processed_dataset/CSD/korean/audio_rejected/kr047b.wav,../../data/raw/CSD/korean/wav/kr047b.wav,../../data/raw/CSD/korean/lyric/kr047b.txt,2025-10-24T22:19:49.233299+00:00,1.0.0,44100,44100,2,4.5351473922902495e-05,-inf,0.23604002594947815,0.0,8.25080093136421e-09,0.0,0.0,0.0,8012.183599347075,5290.447276244765,-1131.370849609375,0.0,0.0,0.0,0.0,0.0,0.0,0.0,0.0,0.0,0.0,0.0,0.0,0.0,0.0,0.0,0.0,0.0,0.0,0.0,0.0,0.0,0.0,0.0,0.0,0.0,0.5000001192092896,이슬비 내리는 이른 아침에 우산 셋이 나란히 걸어갑니다 파란 우산 검정 우산 찢어진 우산 좁다란 학교 길에 우사안 세 개가 이마를 마주대고 걸어갑니다 이슬비 내리는 이른 아침에 우산 셋이 나란히 걸어갑니다 파란 우산 검정 우산 찢어진 우산 좁다란 학교 길에 우사안 세 개가 이마를 마주대고 걸어갑니다,ko,1.0,46,167,1,0.41304347826086957
kr010a,False,processed_dataset/CSD/korean/audio_rejected/kr010a.wav,../../data/raw/CSD/korean/wav/kr010a.wav,../../data/raw/CSD/korean/lyric/kr010a.txt,2025-10-24T22:19:49.330144+00:00,1.0.0,44100,44100,2,4.5351473922902495e-05,-inf,0.7360599040985107,0.0,2.2188217929652865e-09,0.0,0.0,0.0,8047.539740171316,5322.843974161286,-1131.370849609375,0.0,0.0,0.0,0.0,0.0,0.0,0.0,0.0,0.0,0.0,0.0,0.0,0.0,0.0,0.0,0.0,0.0,0.0,0.0,0.0,0.0,0.0,0.0,0.0,0.0,0.5,꿈 속에 보는 화이트 크리스마스 또 다시 돌아 왔구나 방울 소리 처량하게도 흰눈 속을 썰매는 간다 꿈 속에 보는 화이트 크리스마스 카드에 적어 보내는 메리 크리스마스 평안하라 복주시는 거룩한 밤에,ko,1.0,30,109,1,0.8
kr037a,False,processed_dataset/CSD/korean/audio_rejected/kr037a.wav,../../data/raw/CSD/korean/wav/kr037a.wav,../../data/raw/CSD/korean/lyric/kr037a.txt,2025-10-24T22:19:49.360134+00:00,1.0.0,44100,44100,2,4.5351473922902495e-05,-inf,6.885814189910889,0.0,1.45594736267185e-09,0.0,0.00048828125,0.0,12905.122996254551,5991.997628181738,-1131.370849609375,0.0,0.0,0.0,0.0,0.0,0.0,0.0,0.0,0.0,0.0,0.0,0.0,0.0,0.0,0.0,0.0,0.0,0.0,0.0,0.0,0.0,0.0,0.0,0.0,0.0,0.5000000596046448,루돌프 사슴코는 매우 반짝이는 코 만일 네가 봤다면 불붙는다 했겠지 다른 모든 사슴들 놀려대며 웃었네 가엾은 저 루돌프 외톨이가 되었네 안개낀 성탄절날 산타 말하길 루돌프가 밝으니 썰매를 끌어주렴 그 후론 사슴들이 그를 매우 사랑했네 루돌프 사슴코는 길이 길이 기억되리 루돌프 사슴코는 매우 반짝이는 코 만일 네가 봤다면 불붙는다 했겠지 다른 모든 사슴들 놀려대며 웃었네 가엾은 저 루돌프 외톨이가 되었네 안개낀 성탄절날 산타 말하길 루돌프가 밝으니 썰매를 끌어주렴 그 후론 사슴들이 그를 매우 사랑했네 루돌프 사슴코는 길이 길이 기억되리 길이 길이 기억되리,ko,1.0,81,312,1,0.41975308641975306
kr027a,False,processed_dataset/CSD/korean/audio_rejected/kr027a.wav,../../data/raw/CSD/korean/wav/kr027a.wav,../../data/raw/CSD/korean/lyric/kr027a.txt,2025-10-24T22:19:49.391238+00:00,1.0.0,44100,44100,2,4.5351473922902495e-05,-inf,0.0026556060183793306,0.0,1.5375836710518342e-06,0.0,0.0,0.0,8006.391913134561,5284.764836106262,-1071.899169921875,0.0,17.492862701416016,0.0,-12.290775299072266,0.0,7.6844377517700195,0.0,-4.599575996398926,0.0,2.4758589267730713,0.0,-1.1603435277938843,0.0,0.23231688141822815,0.0,0.2503494620323181,0.0,-0.6282824277877808,0.0,0.7034317255020142,0.0,-0.805597722530365,0.0,0.6890724897384644,0.0,0.5000003576278687,고드름 고드름 수정 고드름 고드름 따다가 발을 엮어서 각시방 영창에 달아놓아요 각시님 각시님 안녕하세요 낮에는 햇님이 문안 오시고 밤에도 달님이 놀러오시네,ko,1.0,21,86,1,0.8095238095238095
kr021b,False,processed_dataset/CSD/korean/audio_rejected/kr021b.wav,../../data/raw/CSD/korean/wav/kr021b.wav,../../data/raw/CSD/korean/lyric/kr021b.txt,2025-10-24T22:19:49.417302+00:00,1.0.0,44100,44100,2,4.5351473922902495e-05,-inf,3.332059144973755,0.0,4.136002207388856e-09,0.0,0.0,0.0,8454.768861474722,5627.375644862009,-1131.370849609375,0.0,0.0,0.0,0.0,0.0,0.0,0.0,0.0,0.0,0.0,0.0,0.0,0.0,0.0,0.0,0.0,0.0,0.0,0.0,0.0,0.0,0.0,0.0,0.0,0.0,0.5,닭장속에는 암탉이 문간 옆에는 거위가 배나무 밑엔 염소가 외양간에는 송아지 닭장속에는 암탉들이 문간 옆에는 거위들이 배나무 밑엔 염소들이 외양간에는 송아지 워히야하 워어어어허 워히야하 워어어어 깊은 산 속엔 뻐꾸기 높은 하늘엔 종달새 부뚜막 위엔 고양이 마루 밑에는 강아지 깊은 산 속엔 뻐꾸기가 높은 하늘엔 종달새가 부뚜막 위엔 고양이가 마루 밑에는 강아지 워히야하 워어어어허 워히야하 워어어어,ko,1.0,54,221,1,0.5925925925925926
kr011a,False,processed_dataset/CSD/korean/audio_rejected/kr011a.wav,../../data/raw/CSD/korean/wav/kr011a.wav,../../data/raw/CSD/korean/lyric/kr011a.txt,2025-10-24T22:19:49.462891+00:00,1.0.0,44100,44100,2,4.5351473922902495e-05,-inf,1.1676115989685059,0.0,5.866576557878034e-09,0.0,0.0,0.0,8094.992554868701,5363.746127244047,-1131.370849609375,0.0,0.0,0.0,0.0,0.0,0.0,0.0,0.0,0.0,0.0,0.0,0.0,0.0,0.0,0.0,0.0,0.0,0.0,0.0,0.0,0.0,0.0,0.0,0.0,0.0,0.5,뚱보가 뛰여와 갈비가 뛰여와 길모퉁이이에서 부딪혔다네 너 때문이야 너 때문이야 둘이는 화가 나서 뿡뿡뿡 뚱보가 뛰여와 갈비가 뛰여와 길모퉁이이에서 부딪혔다네 미안하다 미안하다 둘이는 조오아서 싱글벙글,ko,1.0,25,111,1,0.56
kr023a,False,processed_dataset/CSD/korean/audio_rejected/kr023a.wav,../../data/raw/CSD/korean/wav/kr023a.wav,../../data/raw/CSD/korean/lyric/kr023a.txt,2025-10-24T22:19:49.464847+00:00,1.0.0,44100,44100,2,4.5351473922902495e-05,-inf,0.3633784055709839,0.0,6.374670125097737e-09,0.0,0.0,0.0,8018.685290931631,5296.607063829288,-1131.370849609375,0.0,0.0,0.0,0.0,0.0,0.0,0.0,0.0,0.0,0.0,0.0,0.0,0.0,0.0,0.0,0.0,0.0,0.0,0.0,0.0,0.0,0.0,0.0,0.0,0.0,0.5000000596046448,길고 커다란 마루 위 시계는 우리 할아버지 시이계 구십년 전에 할아버지 태어나던 날 아침에 받은 시계란다 언제나 정답게 흔들어 주던 시계 할아버지의 옛날 시계 이젠 더 가질 않네 가지를 아아않네 구십년 동안 쉬쟎고 콕 콕 콕 할아버지와 함께 깨 깨 깨 이젠 더 가질 않네 가지를 아아않네,ko,1.0,47,160,1,0.723404255319149
kr031a,False,processed_dataset/CSD/korean/audio_rejected/kr031a.wav,../../data/raw/CSD/korean/wav/kr031a.wav,../../data/raw/CSD/korean/lyric/kr031a.txt,2025-10-24T22:19:49.490293+00:00,1.0.0,44100,44100,2,4.5351473922902495e-05,-inf,0.0642818808555603,0.0,1.1553077605697126e-08,0.0,0.0,0.0,8006.974050820078,5285.359782192709,-1131.370849609375,0.0,0.0,0.0,0.0,0.0,0.0,0.0,0.0,0.0,0.0,0.0,0.0,0.0,0.0,0.0,0.0,0.0,0.0,0.0,0.0,0.0,0.0,0.0,0.0,0.0,0.5000002980232239,파란 하늘 파란 하늘 꿈이 드리운 푸른 언덕에 아기 염소 여럿이 풀을 뜯고 놀아요 해처럼 밝은 얼굴로 빗방울이 뚝뚝뚝뚝 떨어지는 날에는 잔뜩 찡그린 얼굴로 엄마 찾아 으음매 아빠 찾아 으음매 울상을 짓다가 해가 반짝 곱게 피어나면 너무나 기다렸나 봐 폴짝폴짝 콩콩콩 흔들흔들 콩콩콩 신나는 아기 염소들 파란 하늘 파란 하늘 꿈이 드리운 푸른 언덕에 아기 염소 여럿이 풀을 뜯고 놀아요 해처럼 밝은 얼굴로 빗방울이 뚝뚝뚝뚝 떨어지는 날에는 잔뜩 찡그린 얼굴로 엄마 찾아 으음매 아빠 찾아 으음매 울상을 짓다가 해가 반짝 곱게 피어나면 너무나 기다렸나 봐 폴짝폴짝 콩콩콩 흔들흔들 콩콩콩 신나는 아기 염소들,ko,1.0,92,337,1,0.42391304347826086
kr018a,False,processed_dataset/CSD/korean/audio_rejected/kr018a.wav,../../data/raw/CSD/korean/wav/kr018a.wav,../../data/raw/CSD/korean/lyric/kr018a.txt,2025-10-24T22:19:49.503841+00:00,1.0.0,44100,44100,2,4.5351473922902495e-05,-inf,0.013344920240342617,0.0,8.832245725898247e-07,0.0,0.0,0.0,8006.428537572819,5284.803746846929,-1118.7379150390625,0.0,7.11383056640625,0.0,-3.116344451904297,0.0,0.28365546464920044,0.0,0.749886155128479,0.0,-0.8513731360435486,0.0,0.4301304817199707,0.0,-0.06598007678985596,0.0,-0.2541126608848572,0.0,0.2455061972141266,0.0,-0.2268362045288086,0.0,0.00809486210346222,0.0,0.04591858386993408,0.0,0.5000003576278687,울면 안 돼 울면 안 돼 산타 할아버지는 우는 애들엔 선물을 안 주신대요 산타 할아버지는 알고 계신대 누가 착한 앤지 나쁜 앤지 오늘 밤에 다녀가신대 잠 잘 때나 일어날 때 짜증낼 때 장난할 때도 산타 할아버지는 모든 것을 알고 계신대 울면 안 돼 울면 안 돼 산타 할아버지는 우리 마을을 오늘 밤에 다녀가신대 울면 안 돼 울면 안 돼 산타 할아버지는 우는 애들엔 선물을 안 주신대요 산타 할아버지는 알고 계신대 누가 착한 앤지 나쁜 앤지 오늘 밤에 다녀가신대 잠 잘 때나 일어날 때 짜증낼 때 장난할 때도 산타 할아버지는 모든 것을 알고 계신대 울면 안 돼 울면 안 돼 산타 할아버지는 우리 마을을 오늘 밤에 다녀가신대,ko,1.0,106,347,1,0.2830188679245283
kr013b,False,processed_dataset/CSD/korean/audio_rejected/kr013b.wav,../../data/raw/CSD/korean/wav/kr013b.wav,../../data/raw/CSD/korean/lyric/kr013b.txt,2025-10-24T22:19:49.545057+00:00,1.0.0,44100,44100,2,4.5351473922902495e-05,-inf,0.6652562618255615,0.0,2.0133772427044505e-09,0.0,0.0,0.0,8041.076464473411,5317.081472063097,-1131.370849609375,0.0,0.0,0.0,0.0,0.0,0.0,0.0,0.0,0.0,0.0,0.0,0.0,0.0,0.0,0.0,0.0,0.0,0.0,0.0,0.0,0.0,0.0,0.0,0.0,0.0,0.4999999403953552,라쿠카라차 라쿠카라차 아름다운 그 얼굴 라쿠카라차 라쿠카라차 희한하다 그 모습 라쿠카라차 라쿠카라차 달이 떠올라 오면 라쿠카라차 라쿠카라차 그으립다 그 얼굴 병정들이 전진한다 이 마을 저 마을 지나 소꿉놀이 어린이들 뛰어와서 쳐다보며 싱글벙글 웃는 얼굴 병정들도 싱글벙글 빨래터의 아낙네도 우물가의 처녀도 라쿠카라차 라쿠카라차 아름다운 그 얼굴 라쿠카라차 라쿠카라차 희한하다 그 모습 라쿠카라차 라쿠카라차 달이 떠올라 오면 라쿠카라차 라쿠카라차 그으립다 그 얼굴 병정들이 전진한다 이 마을 저 마을 지나 소꿉놀이 어린이들 뛰어와서 쳐다보며 싱글벙글 웃는 얼굴 병정들도 싱글벙글 빨래터의 아낙네도 우물가의 처녀도 라쿠카라차 라쿠카라차 아름다운 그 얼굴 라쿠카라차 라쿠카라차 희한하다 그 모습 라쿠카라차 라쿠카라차 달이 떠올라 오면 라쿠카라차 라쿠카라차 그으립다 그 얼굴,ko,1.0,100,429,1,0.27
kr002a,False,processed_dataset/CSD/korean/audio_rejected/kr002a.wav,../../data/raw/CSD/korean/wav/kr002a.wav,../../data/raw/CSD/korean/lyric/kr002a.txt,2025-10-24T22:19:49.549740+00:00,1.0.0,44100,44100,2,4.5351473922902495e-05,-inf,0.12216158956289291,0.0,2.0701579117599067e-08,0.0,0.0,0.0,8008.205972037483,5286.585431313933,-1131.370849609375,0.0,0.0,0.0,0.0,0.0,0.0,0.0,0.0,0.0,0.0,0.0,0.0,0.0,0.0,0.0,0.0,0.0,0.0,0.0,0.0,0.0,0.0,0.0,0.0,0.0,0.5000002384185791,천사들의 노래가 하늘에서 들리니 산과 들이 기뻐서 메아리 쳐 울린다 여 어어어어어 어어어어어 어어어어엉광을 높이 계신 주께 여 어어어어어 어어어어어 어어어어엉광을 높이 계신 주님께 한밤 중에 목자들 양떼들을 지킬 때 아름다운 노래가 청아하게 들린다 여 어어어어어 어어어어어 어어어어엉광을 높이 계신 주께 여 어어어어어 어어어어어 어어어어엉광을 높이 계신 주님께 베들레헴 달려가 나신 아기 예수께 꿇어 경배합시다 탄생하신 아기께 여 어어어어어 어어어어어 어어어어엉광을 높이 계신 주께 여 어어어어어 어어어어어 어어어어엉광을 높이 계신 주님께,ko,1.0,71,301,1,0.49295774647887325
kr045b,False,processed_dataset/CSD/korean/audio_rejected/kr045b.wav,../../data/raw/CSD/korean/wav/kr045b.wav,../../data/raw/CSD/korean/lyric/kr045b.txt,2025-10-24T22:19:49.547182+00:00,1.0.0,44100,44100,2,4.5351473922902495e-05,-inf,0.02982361428439617,0.0,5.14361637726779e-08,0.0,0.0,0.0,8006.541579672759,5284.920766187047,-1131.370849609375,0.0,0.0,0.0,0.0,0.0,0.0,0.0,0.0,0.0,0.0,0.0,0.0,0.0,0.0,0.0,0.0,0.0,0.0,0.0,0.0,0.0,0.0,0.0,0.0,0.0,0.5000003576278687,바람 솔솔 불어오는 산에 올라가 파란 하늘 노란 들판 내려다보며 잔디밭에 옹기종기 모여 앉아서 수건 돌리기를 해보자 손잡고 동그랗게 모이자 모두 모이자 랄랄라 누가 누가 술래냐 가위 바위 보 빙글빙글 돌아간다 술래가 돈다 우리 모두 손뼉치며 노래부르자 파란 하늘 높이 높이 올라가도록 소리 높여 노래부르자 바람 솔솔 불어오는 산에 올라가 파란 하늘 노란 들판 내려다보며 잔디밭에 옹기종기 모여 앉아서 수건 돌리기를 해보자 손잡고 동그랗게 모이자 모두 모이자 랄랄라 누가 누가 술래냐 가위 바위 보 빙글빙글 돌아간다 술래가 돈다 우리 모두 손뼉치며 노래부르자 파란 하늘 높이 높이 올라가도록 소리 높여 노래부르자,ko,1.0,90,341,1,0.4222222222222222
kr040b,False,processed_dataset/CSD/korean/audio_rejected/kr040b.wav,../../data/raw/CSD/korean/wav/kr040b.wav,../../data/raw/CSD/korean/lyric/kr040b.txt,2025-10-24T22:19:49.629927+00:00,1.0.0,44100,44100,2,4.5351473922902495e-05,-inf,1.066663384437561,0.0,4.8188977253005305e-09,0.0,0.0,0.0,8082.762452367284,5353.411828027521,-1131.370849609375,0.0,0.0,0.0,0.0,0.0,0.0,0.0,0.0,0.0,0.0,0.0,0.0,0.0,0.0,0.0,0.0,0.0,0.0,0.0,0.0,0.0,0.0,0.0,0.0,0.0,0.5000000596046448,거미가 줄을 타고 올라갑니다 거미가 줄을 타고 올라갑니다 비가아 오면 부서집니다 해님이 다시 솟아오르면 거미가 줄을 타고 내려옵니다 거미가 줄을 타고 내려옵니다 거미가 줄을 타고 올라갑니다 거미가 줄을 타고 올라갑니다 비가아 오면 부서집니다 해님이 다시 솟아오르면 거미가 줄을 타고 내려옵니다 거미가 줄을 타고 내려옵니다,ko,1.0,44,179,1,0.25
kr025a,False,processed_dataset/CSD/korean/audio_rejected/kr025a.wav,../../data/raw/CSD/korean/wav/kr025a.wav,../../data/raw/CSD/korean/lyric/kr025a.txt,2025-10-24T22:19:49.708089+00:00,1.0.0,44100,44100,2,4.5351473922902495e-05,-inf,0.2515997886657715,0.0,1.0292023233660075e-08,0.0,0.0,0.0,8012.868920030803,5291.103780218775,-1131.370849609375,0.0,0.0,0.0,0.0,0.0,0.0,0.0,0.0,0.0,0.0,0.0,0.0,0.0,0.0,0.0,0.0,0.0,0.0,0.0,0.0,0.0,0.0,0.0,0.0,0.0,0.5000001788139343,오 거룩한 밤 별들 반짝일 때 거룩한 주 탄생한 밤일세 오랫동안 죄악에 얽매여서 헤매던 죄인을 놓으시러 우리를 위해 속죄하시려는 영광의 아침 동이 터온다 경배하라 천사의 기쁜 소리 오 거룩한 밤 주님 탄생하신 밤 그 밤 주 예수 나신 밤일세,ko,1.0,39,134,1,0.7948717948717948
kr048b,False,processed_dataset/CSD/korean/audio_rejected/kr048b.wav,../../data/raw/CSD/korean/wav/kr048b.wav,../../data/raw/CSD/korean/lyric/kr048b.txt,2025-10-24T22:19:49.720149+00:00,1.0.0,44100,44100,2,4.5351473922902495e-05,-inf,0.00416564242914319,0.0,6.641514715965968e-08,0.0,0.0,0.0,8006.395184377921,5284.7684014156075,-1131.370849609375,0.0,0.0,0.0,0.0,0.0,0.0,0.0,0.0,0.0,0.0,0.0,0.0,0.0,0.0,0.0,0.0,0.0,0.0,0.0,0.0,0.0,0.0,0.0,0.0,0.0,0.5000003576278687,숲속을 걸어요 산새들이 속삭이는 길 숲속을 걸어요 꽃향기가 그윽한 길 해님도 쉬었다 가는 길 다람쥐가 넘나드는 길 정다운 얼굴로 우리 모두 숲속을 걸어요 숲속을 걸어요 맑은 바람 솔바람 이는 숲속을 걸어요 도랑물이 노래하는 길 달님도 쉬었다 가는 길 산노루가 넘나드는 길 웃음 띤 얼굴로 우리 모두 숲속을 걸어요,ko,1.0,48,174,1,0.5416666666666666
kr012b,False,processed_dataset/CSD/korean/audio_rejected/kr012b.wav,../../data/raw/CSD/korean/wav/kr012b.wav,../../data/raw/CSD/korean/lyric/kr012b.txt,2025-10-24T22:19:49.721168+00:00,1.0.0,44100,44100,2,4.5351473922902495e-05,-inf,0.23981541395187378,0.0,4.584733037660271e-09,0.0,0.0,0.0,8012.346958757145,5290.603950171634,-1131.370849609375,0.0,0.0,0.0,0.0,0.0,0.0,0.0,0.0,0.0,0.0,0.0,0.0,0.0,0.0,0.0,0.0,0.0,0.0,0.0,0.0,0.0,0.0,0.0,0.0,0.0,0.5000001192092896,깊고 작은 산골짜기 사이로 맑은 물 흐르는 작은 샘터에 예쁜 꽃들 사이에 살짝 숨겨진 이슬 먹고 피어난 네잎클로버 랄랄라 하안잎 랄랄라 두우잎 랄랄라 세에잎 랄랄라 네에잎 행운을 가져다 준다는 수줍은 얼굴의 미소 한 줄기의 따스한 햇살 받으며 희망으로 가득한 나의 친구야 빛처럼 밝으은 마음으로 너를 다앎고 싶어 깊고 작은 산골짜기 사이로 맑은 물 흐르는 작은 샘터에 예쁜 꽃들 사이에 살짝 숨겨진 이슬 먹고 피어난 네잎클로버 랄랄라 하안잎 랄랄라 두우잎 랄랄라 세에잎 랄랄라 네에잎 행운을 가져다 준다는 수줍은 얼굴의 미소 한 줄기의 따스한 햇살 받으며 희망으로 가득한 나의 친구야 빛처럼 밝으은 마음으로 너를 다앎고 싶어,ko,1.0,94,349,1,0.4574468085106383
kr038a,False,processed_dataset/CSD/korean/audio_rejected/kr038a.wav,../../data/raw/CSD/korean/wav/kr038a.wav,../../data/raw/CSD/korean/lyric/kr038a.txt,2025-10-24T22:19:49.764979+00:00,1.0.0,44100,44100,2,4.5351473922902495e-05,-inf,0.3456073999404907,0.0,2.523728337422426e-09,0.0,0.0,0.0,8017.661017542069,5295.645602421934,-1131.370849609375,0.0,0.0,0.0,0.0,0.0,0.0,0.0,0.0,0.0,0.0,0.0,0.0,0.0,0.0,0.0,0.0,0.0,0.0,0.0,0.0,0.0,0.0,0.0,0.0,0.0,0.5000000596046448,초록빛 바닷물에 두 손을 담그으면 초록빛 바닷물에 두 손을 담그면 파아란 하늘빛 무울이 들지요 어여쁜 초록빛 소온이 되지요 초록빛 여울물에 두우발을 담그면 물결이 사알랑 어루만져어요 물결이 사알랑 어루만져요 초록빛 바닷물에 두 손을 담그으면 초록빛 바닷물에 두 손을 담그면 파아란 하늘빛 무울이 들지요 어여쁜 초록빛 소온이 되지요 초록빛 여울물에 두우발을 담그면 물결이 사알랑 어루만져어요 물결이 사알랑 어루만져요,ko,1.0,56,231,1,0.3392857142857143
kr039b,False,processed_dataset/CSD/korean/audio_rejected/kr039b.wav,../../data/raw/CSD/korean/wav/kr039b.wav,../../data/raw/CSD/korean/lyric/kr039b.txt,2025-10-24T22:19:49.777174+00:00,1.0.0,44100,44100,2,4.5351473922902495e-05,-inf,0.41611823439598083,0.0,6.659982787482477e-09,0.0,0.0,0.0,8021.930900244688,5299.635743273164,-1131.370849609375,0.0,0.0,0.0,0.0,0.0,0.0,0.0,0.0,0.0,0.0,0.0,0.0,0.0,0.0,0.0,0.0,0.0,0.0,0.0,0.0,0.0,0.0,0.0,0.0,0.0,0.5000000596046448,마음을 열어 하늘을 보라 넓고 높고 푸른 하늘 가슴을 펴고 소리쳐 보자 우리들은 새싹들이다 푸른 꿈이 자아란다 곱고 고운 꿈 두리둥실 떠어간다 구름이 되어 너른 벌판을 달려 나가자 씩씩하게 나가자 어깨를 걸고 함께 나가자 발맞춰 나가자 마음을 열어 하늘을 보라 넓고 높고 푸른 하늘 가슴을 펴고 소리쳐 보자 우리들은 새싹들이다 해님 되자 달님 되자 별님이 되자 너른 세상 부울 밝힐 큰 빛이 되자 무지개 빛깔 아름다운 꿈 모두 우리 차지다 너와 나 함께 우리가 되어 힘차게 나가자,ko,1.0,77,268,1,0.6623376623376623
kr024a,False,processed_dataset/CSD/korean/audio_rejected/kr024a.wav,../../data/raw/CSD/korean/wav/kr024a.wav,../../data/raw/CSD/korean/lyric/kr024a.txt,2025-10-24T22:19:49.790902+00:00,1.0.0,44100,44100,2,4.5351473922902495e-05,-inf,0.4175409972667694,0.0,6.85240308939683e-09,0.0,0.0,0.0,8022.025372837058,5299.723524002665,-1131.370849609375,0.0,0.0,0.0,0.0,0.0,0.0,0.0,0.0,0.0,0.0,0.0,0.0,0.0,0.0,0.0,0.0,0.0,0.0,0.0,0.0,0.0,0.0,0.0,0.0,0.0,0.5000000596046448,머리 어깨 무릎 발 무릎 발 머리 어깨 무릎 발 무릎 바알 무릎 머리 어깨 바알 무릎 발 머리 어깨 무릎 귀 코 귀,ko,1.0,24,64,1,0.2916666666666667
kr016a,False,processed_dataset/CSD/korean/audio_rejected/kr016a.wav,../../data/raw/CSD/korean/wav/kr016a.wav,../../data/raw/CSD/korean/lyric/kr016a.txt,2025-10-24T22:19:49.801878+00:00,1.0.0,44100,44100,2,4.5351473922902495e-05,-inf,0.10177861899137497,0.0,2.730841330844669e-08,0.0,0.0,0.0,8007.705843683568,5286.09073413607,-1131.370849609375,0.0,0.0,0.0,0.0,0.0,0.0,0.0,0.0,0.0,0.0,0.0,0.0,0.0,0.0,0.0,0.0,0.0,0.0,0.0,0.0,0.0,0.0,0.0,0.0,0.0,0.5000002980232239,아무리 우겨봐도 어쩔 수 없네 저기 개똥 무덤이 내 집인걸 가슴을 내밀어도 친구가 없네 노래하던 새들도 멀리 날아가네 가지마라 가지마라 가지말아라 나를 위해 한번만 노래를 해주렴 나나 나나나나 쓰라린 가슴안고 오늘 밤도 그렇게 울다 잠이 든다 마음을 다 주어도 친구가 없네 사랑하고 싶지만 마음뿐인걸 나는 개똥벌레 어쩔 수 없네 손을 잡고 싶지만 모두 떠나가네 가지마라 가지마라 가지말아라 나를 위해 한번만 손을 잡아주렴 아아 외로운 밤 쓰라린 가슴안고 오늘 밤도 그렇게 울다 잠이든다,ko,1.0,72,271,1,0.7083333333333334
kr026a,False,processed_dataset/CSD/korean/audio_rejected/kr026a.wav,../../data/raw/CSD/korean/wav/kr026a.wav,../../data/raw/CSD/korean/lyric/kr026a.txt,2025-10-24T22:19:49.804468+00:00,1.0.0,44100,44100,2,4.5351473922902495e-05,-inf,0.006505963392555714,0.0,3.735764408929754e-08,0.0,0.0,0.0,8006.401500371189,5284.775182757159,-1131.370849609375,0.0,0.0,0.0,0.0,0.0,0.0,0.0,0.0,0.0,0.0,0.0,0.0,0.0,0.0,0.0,0.0,0.0,0.0,0.0,0.0,0.0,0.0,0.0,0.0,0.0,0.5000003576278687,나에 사알던 고향은 꽃피는 사안골 복숭아꽃 살구우꽃 아기 진다알래 울긋불긋 꽃대궐 차리인 도옹네 그 속에서 놀더언 때가 그립습니이다 꽃도옹네 새동네 나에 옛고오향 파란들 남쪼옥에서 바람이 부울면 냇가에 수양버들 춤추는 도옹네 그 속에서 놀더언 때가 그립습니이다,ko,1.0,35,145,1,0.8
kr015b,False,processed_dataset/CSD/korean/audio_rejected/kr015b.wav,../../data/raw/CSD/korean/wav/kr015b.wav,../../data/raw/CSD/korean/lyric/kr015b.txt,2025-10-24T22:19:49.853951+00:00,1.0.0,44100,44100,2,4.5351473922902495e-05,-inf,0.09959331899881363,0.0,3.3565168422455827e-08,0.0,0.0,0.0,8007.656319392358,5286.041557650977,-1131.370849609375,0.0,0.0,0.0,0.0,0.0,0.0,0.0,0.0,0.0,0.0,0.0,0.0,0.0,0.0,0.0,0.0,0.0,0.0,0.0,0.0,0.0,0.0,0.0,0.0,0.0,0.5000002384185791,호롱호롱호롱 산새소리에 잠 깨어 뜰로 나가니 풀잎마다 송송이 맺힌 이슬 아름다워 은쟁반에 가득 담아 아가 옷 지어볼까아아 색실에 곱게 끼워 엄마 목걸이 마안들까 호롱호롱호롱 산새소리에 잠 깨어 뜰로 나가니 풀잎마다 송송이 맺힌 이슬 아름다워 호롱호롱호롱 산새소리에 잠 깨어 뜰로 나가니 풀잎마다 송송이 맺힌 이슬 아름다워 편지속에 가득 넣어 해님께 보내볼까아아 햇살에 곱게 달아 구름에 메어 띄어볼까 호롱호롱호롱 산새소리에 잠 깨어 뜰로 나가니 풀잎마다 송송이 맺힌 이슬 아름다워,ko,1.0,67,268,1,0.47761194029850745
kr027b,False,processed_dataset/CSD/korean/audio_rejected/kr027b.wav,../../data/raw/CSD/korean/wav/kr027b.wav,../../data/raw/CSD/korean/lyric/kr027b.txt,2025-10-24T22:19:49.891782+00:00,1.0.0,44100,44100,2,4.5351473922902495e-05,-inf,0.033851347863674164,0.0,1.3017560718253662e-07,0.0,0.0,0.0,8006.578977812098,5284.959148198224,-1131.370849609375,0.0,0.0,0.0,0.0,0.0,0.0,0.0,0.0,0.0,0.0,0.0,0.0,0.0,0.0,0.0,0.0,0.0,0.0,0.0,0.0,0.0,0.0,0.0,0.0,0.0,0.5000002980232239,고드름 고드름 수정 고드름 고드름 따다가 발을 엮어서 각시방 영창에 달아놓아요 각시님 각시님 안녕하세요 낮에는 햇님이 문안 오시고 밤에도 달님이 놀러오시네,ko,1.0,21,86,1,0.8095238095238095
kr017b,True,processed_dataset/CSD/korean/audio_normalized/kr017b.wav,../../data/raw/CSD/korean/wav/kr017b.wav,../../data/raw/CSD/korean/lyric/kr017b.txt,2025-10-24T22:19:49.960154+00:00,1.0.0,44100,44100,2,4.5351473922902495e-05,-inf,10.12259292602539,0.0,3.9340268820353685e-09,0.0,0.0,0.0,9678.00039436184,6181.09592770718,-1131.370849609375,0.0,0.0,0.0,0.0,0.0,0.0,0.0,0.0,0.0,0.0,0.0,0.0,0.0,0.0,0.0,0.0,0.0,0.0,0.0,0.0,0.0,0.0,0.0,0.0,0.0,0.5,나처럼 해봐요 이렇게 나처럼 해봐요 이렇게 나처럼 해봐요 이렇게 아이 참 재미있네 나처럼 해봐요 요렇게 나처럼 해봐요 요렇게 나처럼 해봐요 요렇게 아이 참 재미있네 나처럼 해봐요 이렇게 나처럼 해봐요 이렇게 나처럼 해봐요 이렇게 아이 참 재미있네 나처럼 해봐요 요렇게 나처럼 해봐요 요렇게 나처럼 해봐요 요렇게 아이 참 재미있네,ko,1.0,48,183,1,0.14583333333333334
kr042a,False,processed_dataset/CSD/korean/audio_rejected/kr042a.wav,../../data/raw/CSD/korean/wav/kr042a.wav,../../data/raw/CSD/korean/lyric/kr042a.txt,2025-10-24T22:19:49.959307+00:00,1.0.0,44100,44100,2,4.5351473922902495e-05,-inf,0.882560670375824,0.0,5.492398091888617e-09,0.0,0.0,0.0,8062.1785989005275,5335.706842174939,-1131.370849609375,0.0,0.0,0.0,0.0,0.0,0.0,0.0,0.0,0.0,0.0,0.0,0.0,0.0,0.0,0.0,0.0,0.0,0.0,0.0,0.0,0.0,0.0,0.0,0.0,0.0,0.5,둥근 해가 떴습니다 자리에서 일어나서 제일 먼저 이를 닦자 윗니 아랫니 닦자 세수할 때는 깨끗이 이쪽 저쪼옥 목 닦고 머리 빗고 옷을 입고 거어울을 봅니다 꼭꼭 씹어 밥을 먹고 가방 메고 인사하고 유치원에 갑니다아 씩씩하게 갑니다,ko,1.0,36,128,1,0.9722222222222222
kr029b,False,processed_dataset/CSD/korean/audio_rejected/kr029b.wav,../../data/raw/CSD/korean/wav/kr029b.wav,../../data/raw/CSD/korean/lyric/kr029b.txt,2025-10-24T22:19:49.990211+00:00,1.0.0,44100,44100,2,4.5351473922902495e-05,-inf,4.612575531005859,0.0,2.5575755402407196e-10,0.0,0.0,0.0,8706.092162645795,5778.182376965727,-1131.370849609375,0.0,0.0,0.0,0.0,0.0,0.0,0.0,0.0,0.0,0.0,0.0,0.0,0.0,0.0,0.0,0.0,0.0,0.0,0.0,0.0,0.0,0.0,0.0,0.0,0.0,0.5,흰눈 사이로 썰매를 타고 달리는 기분 상쾌도 하다아 종이 울려서 장단 맞추니 흥겨워서 소리높여 노래 부른다 종소리 울려라 종소리 울려 우리 썰매 빨리 달려 종소리 울려라 종소리 울려라 종소리 울려 기쁜 노래 부르면서 빨리 달린다 흰눈 사이로 썰매를 타고 달리는 기분 상쾌도 하다아 종이 울려서 장단 맞추니 흥겨워서 소리높여 노래 부른다 종소리 울려라 종소리 울려 우리 썰매 빨리 달려 종소리 울려라 종소리 울려라 종소리 울려 기쁜 노래 부르면서 빨리 달린다,ko,1.0,70,255,1,0.37142857142857144
kr003b,False,processed_dataset/CSD/korean/audio_rejected/kr003b.wav,../../data/raw/CSD/korean/wav/kr003b.wav,../../data/raw/CSD/korean/lyric/kr003b.txt,2025-10-24T22:19:49.996738+00:00,1.0.0,44100,44100,2,4.5351473922902495e-05,-inf,0.06406711041927338,0.0,1.078568789836254e-08,0.0,0.0,0.0,8006.9699246819955,5285.355653501213,-1131.370849609375,0.0,0.0,0.0,0.0,0.0,0.0,0.0,0.0,0.0,0.0,0.0,0.0,0.0,0.0,0.0,0.0,0.0,0.0,0.0,0.0,0.0,0.0,0.0,0.0,0.0,0.5000002980232239,곰 세마리가 한 집에 있어 아빠곰 엄마곰 애기곰 아빠곰은 뚱뚱해 엄마곰은 날씬해 애기곰은 너무 귀여워 히쭉히쭉 잘한다 곰 세마리가 한 집에 있어 아빠곰 엄마곰 애기곰 아빠곰은 뚱뚱해 엄마곰은 날씬해 애기곰은 너무 귀여워 히쭉히쭉 잘한다 히쭉히쭉 잘한다,ko,1.0,36,140,1,0.4722222222222222
kr034a,False,processed_dataset/CSD/korean/audio_rejected/kr034a.wav,../../data/raw/CSD/korean/wav/kr034a.wav,../../data/raw/CSD/korean/lyric/kr034a.txt,2025-10-24T22:19:50.025783+00:00,1.0.0,44100,44100,2,4.5351473922902495e-05,-inf,5.830171585083008,0.0,2.527235087868007e-10,0.0,0.00048828125,0.0,13104.633303227385,5901.910097528832,-1131.370849609375,0.0,0.0,0.0,0.0,0.0,0.0,0.0,0.0,0.0,0.0,0.0,0.0,0.0,0.0,0.0,0.0,0.0,0.0,0.0,0.0,0.0,0.0,0.0,0.0,0.0,0.5,런던 다리가 무너져요 무너져요 무너져요 런던 다리가 무너져요 어떡하죠 나무 다리를 지어요 나무와 흙으로 나무 다리를 지어요 나의 친구 나무 다리는 약해요 약해요 약해요 나무 다리는 약해요 어떡하죠 강철 다리를 지어요 강철과 철근으로 강철 다리를 지어요 나의 친구 강철 다리는 휘어져요 휘어져요 휘어져요 강철 다리는 휘어져요 어떡하죠 황금 다리를 지어요 황금과 은으로 황금 다리를 지어요 나의 친구 황금 다리는 훔쳐가요 훔쳐가요 훔쳐가요 황금 다리는 훔쳐가요 어떡하죠 벽돌 다리를 지어요 벽돌과 시멘트로 벽돌 다리를 지어요 나의 친구 트은 튼히 지었어요 무너지지 아않죠 트은 튼히 지었어요 나의 친구,ko,1.0,86,334,1,0.3372093023255814
kr031b,True,processed_dataset/CSD/korean/audio_normalized/kr031b.wav,../../data/raw/CSD/korean/wav/kr031b.wav,../../data/raw/CSD/korean/lyric/kr031b.txt,2025-10-24T22:19:50.096323+00:00,1.0.0,44100,44100,2,4.5351473922902495e-05,-inf,17.05348777770996,0.0,1.405446314883818e-10,0.0,0.00048828125,0.0,11648.730720835754,6331.377798380066,-1131.370849609375,0.0,0.0,0.0,0.0,0.0,0.0,0.0,0.0,0.0,0.0,0.0,0.0,0.0,0.0,0.0,0.0,0.0,0.0,0.0,0.0,0.0,0.0,0.0,0.0,0.0,0.5,파란 하늘 파란 하늘 꿈이 드리운 푸른 언덕에 아기 염소 여럿이 풀을 뜯고 놀아요 해처럼 밝은 얼굴로 빗방울이 뚝뚝뚝뚝 떨어지는 날에는 잔뜩 찡그린 얼굴로 엄마 찾아 으음매 아빠 찾아 으음매 울상을 짓다가 해가 반짝 곱게 피어나면 너무나 기다렸나 봐 폴짝폴짝 콩콩콩 흔들흔들 콩콩콩 신나는 아기 염소들 파란 하늘 파란 하늘 꿈이 드리운 푸른 언덕에 아기 염소 여럿이 풀을 뜯고 놀아요 해처럼 밝은 얼굴로 빗방울이 뚝뚝뚝뚝 떨어지는 날에는 잔뜩 찡그린 얼굴로 엄마 찾아 으음매 아빠 찾아 으음매 울상을 짓다가 해가 반짝 곱게 피어나면 너무나 기다렸나 봐 폴짝폴짝 콩콩콩 흔들흔들 콩콩콩 신나는 아기 염소들,ko,1.0,92,337,1,0.42391304347826086
kr006a,False,processed_dataset/CSD/korean/audio_rejected/kr006a.wav,../../data/raw/CSD/korean/wav/kr006a.wav,../../data/raw/CSD/korean/lyric/kr006a.txt,2025-10-24T22:19:50.103792+00:00,1.0.0,44100,44100,2,4.5351473922902495e-05,-inf,0.05920277535915375,0.0,6.037591759877614e-08,0.0,0.0,0.0,8006.895059860911,5285.280197570462,-1131.370849609375,0.0,0.0,0.0,0.0,0.0,0.0,0.0,0.0,0.0,0.0,0.0,0.0,0.0,0.0,0.0,0.0,0.0,0.0,0.0,0.0,0.0,0.0,0.0,0.0,0.0,0.5000002384185791,나비야 나비야 이리 날아 오너라 노랑나비 흰 나비 춤을 추며 오너라 봄바람에 꽃잎도 방긋방긋 웃으며 참새도 짹짹짹 노래 하며 춤춘다 나비야 나비야 이리 날아 오너라 노랑나비 흰 나비 춤을 추며 오너라 봄바람에 꽃잎도 방긋방긋 웃으며 참새도 짹짹짹 노래 하며 춤춘다,ko,1.0,40,147,1,0.45
kr033b,False,processed_dataset/CSD/korean/audio_rejected/kr033b.wav,../../data/raw/CSD/korean/wav/kr033b.wav,../../data/raw/CSD/korean/lyric/kr033b.txt,2025-10-24T22:19:50.118693+00:00,1.0.0,44100,44100,2,4.5351473922902495e-05,-inf,0.00031942108762450516,0.0,8.976654157777375e-07,0.0,0.0,0.0,8006.388126308625,5284.760631900978,-1117.5001220703125,0.0,7.5769124031066895,0.0,-3.4699716567993164,0.0,0.4894004464149475,0.0,0.690966784954071,0.0,-0.9027654528617859,0.0,0.5347548723220825,0.0,-0.16620130836963654,0.0,-0.19861257076263428,0.0,0.2480427324771881,0.0,-0.27463749051094055,0.0,0.07233592867851257,0.0,-0.00418660044670105,0.0,0.5000004172325134,귀여운 꼬마가 닭장에 가서 암탉을 잡으려다 놓쳤다네 닭장밖에 있던 배고픈 여우 올커니 하면서 물고갔다네 꼬꼬댁 암탉 소리를 쳐었네 꼬꼬댁 암탉 소리를 쳐었네 귀여운 꼬마가 그꼴을 보고 웃을까 울을까 망설였다네 귀여운 꼬마가 닭장에 가서 암탉을 잡으려다 놓쳤다네 닭장밖에 있던 배고픈 여우 올커니 하면서 물고갔다네 꼬꼬댁 암탉 소리를 쳐었네 꼬꼬댁 암탉 소리를 쳐었네 귀여운 꼬마가 그꼴을 보고 웃을까 울을까 망설였다네,ko,1.0,58,233,1,0.39655172413793105
kr013a,False,processed_dataset/CSD/korean/audio_rejected/kr013a.wav,../../data/raw/CSD/korean/wav/kr013a.wav,../../data/raw/CSD/korean/lyric/kr013a.txt,2025-10-24T22:19:50.118511+00:00,1.0.0,44100,44100,2,4.5351473922902495e-05,-inf,0.031558096408843994,0.0,6.269835495231746e-08,0.0,0.0,0.0,8006.557605276555,5284.937231605219,-1131.370849609375,0.0,0.0,0.0,0.0,0.0,0.0,0.0,0.0,0.0,0.0,0.0,0.0,0.0,0.0,0.0,0.0,0.0,0.0,0.0,0.0,0.0,0.0,0.0,0.0,0.0,0.5000003576278687,라쿠카라차 라쿠카라차 아름다운 그 얼굴 라쿠카라차 라쿠카라차 희한하다 그 모습 라쿠카라차 라쿠카라차 달이 떠올라 오면 라쿠카라차 라쿠카라차 그으립다 그 얼굴 병정들이 전진한다 이 마을 저 마을 지나 소꿉놀이 어린이들 뛰어와서 쳐다보며 싱글벙글 웃는 얼굴 병정들도 싱글벙글 빨래터의 아낙네도 우물가의 처녀도 라쿠카라차 라쿠카라차 아름다운 그 얼굴 라쿠카라차 라쿠카라차 희한하다 그 모습 라쿠카라차 라쿠카라차 달이 떠올라 오면 라쿠카라차 라쿠카라차 그으립다 그 얼굴 병정들이 전진한다 이 마을 저 마을 지나 소꿉놀이 어린이들 뛰어와서 쳐다보며 싱글벙글 웃는 얼굴 병정들도 싱글벙글 빨래터의 아낙네도 우물가의 처녀도 라쿠카라차 라쿠카라차 아름다운 그 얼굴 라쿠카라차 라쿠카라차 희한하다 그 모습 라쿠카라차 라쿠카라차 달이 떠올라 오면 라쿠카라차 라쿠카라차 그으립다 그 얼굴,ko,1.0,100,429,1,0.27
kr016b,False,processed_dataset/CSD/korean/audio_rejected/kr016b.wav,../../data/raw/CSD/korean/wav/kr016b.wav,../../data/raw/CSD/korean/lyric/kr016b.txt,2025-10-24T22:19:50.128352+00:00,1.0.0,44100,44100,2,4.5351473922902495e-05,-inf,2.797823190689087,0.0,1.0091396607236902e-09,0.0,0.0,0.0,8354.40092756203,5560.282572697665,-1131.370849609375,0.0,0.0,0.0,0.0,0.0,0.0,0.0,0.0,0.0,0.0,0.0,0.0,0.0,0.0,0.0,0.0,0.0,0.0,0.0,0.0,0.0,0.0,0.0,0.0,0.0,0.4999999403953552,아무리 우겨봐도 어쩔 수 없네 저기 개똥 무덤이 내 집인걸 가슴을 내밀어도 친구가 없네 노래하던 새들도 멀리 날아가네 가지마라 가지마라 가지말아라 나를 위해 한번만 노래를 해주렴 나나 나나나나 쓰라린 가슴안고 오늘 밤도 그렇게 울다 잠이 든다 마음을 다 주어도 친구가 없네 사랑하고 싶지만 마음뿐인걸 나는 개똥벌레 어쩔 수 없네 손을 잡고 싶지만 모두 떠나가네 가지마라 가지마라 가지말아라 나를 위해 한번만 손을 잡아주렴 아아 외로운 밤 쓰라린 가슴안고 오늘 밤도 그렇게 울다 잠이든다,ko,1.0,72,271,1,0.7083333333333334
kr041a,False,processed_dataset/CSD/korean/audio_rejected/kr041a.wav,../../data/raw/CSD/korean/wav/kr041a.wav,../../data/raw/CSD/korean/lyric/kr041a.txt,2025-10-24T22:19:50.146284+00:00,1.0.0,44100,44100,2,4.5351473922902495e-05,-inf,0.08777928352355957,0.0,4.3322003762114036e-07,0.0,0.0,0.0,8007.402861865669,5285.789328049985,-1131.370849609375,0.0,0.0,0.0,0.0,0.0,0.0,0.0,0.0,0.0,0.0,0.0,0.0,0.0,0.0,0.0,0.0,0.0,0.0,0.0,0.0,0.0,0.0,0.0,0.0,0.0,0.5000002384185791,반짝반짝 작은별 아름답게 비치네 동쪽하늘에서도 서쪽하늘에서도 반짝반짝 작은별 아름답게 비치네 반짝반짝 작은별 아름답게 비치네 동쪽하늘에서도 서쪽하늘에서도 반짝반짝 작은별 아름답게 비치네,ko,1.0,20,103,1,0.3
kr049b,False,processed_dataset/CSD/korean/audio_rejected/kr049b.wav,../../data/raw/CSD/korean/wav/kr049b.wav,../../data/raw/CSD/korean/lyric/kr049b.txt,2025-10-24T22:19:50.158197+00:00,1.0.0,44100,44100,2,4.5351473922902495e-05,-inf,1.4414364099502563,0.0,3.515122770636481e-08,0.0,0.0,0.0,8131.092803986808,5393.547851006128,-1131.370849609375,0.0,0.0,0.0,0.0,0.0,0.0,0.0,0.0,0.0,0.0,0.0,0.0,0.0,0.0,0.0,0.0,0.0,0.0,0.0,0.0,0.0,0.0,0.0,0.0,0.0,0.4999999701976776,당시인은 누구십니까 나아는 교오수우님 그 이이름 아름답구나 당시인은 누구십니까 나아는 대학워언생 그 이이름 씩씩하구나 당시인은 누구십니까 나아는 어어리인이 그 이이름 아름답구나 당시인은 누구십니까 나아는 초등하악생 그 이이름 씩씩하구나,ko,1.0,28,131,1,0.39285714285714285
kr028b,False,processed_dataset/CSD/korean/audio_rejected/kr028b.wav,../../data/raw/CSD/korean/wav/kr028b.wav,../../data/raw/CSD/korean/lyric/kr028b.txt,2025-10-24T22:19:50.240388+00:00,1.0.0,44100,44100,2,4.5351473922902495e-05,-inf,0.14131590723991394,0.0,1.9432491171755828e-08,0.0,0.0,0.0,8008.740139204356,5287.110709726795,-1131.370849609375,0.0,0.0,0.0,0.0,0.0,0.0,0.0,0.0,0.0,0.0,0.0,0.0,0.0,0.0,0.0,0.0,0.0,0.0,0.0,0.0,0.0,0.0,0.0,0.0,0.0,0.5000002384185791,한 꼬마 두 꼬마 세 꼬마 인디언 네 꼬마 다섯 꼬마 여섯 꼬마 인디언 일곱 꼬마 여덟 꼬마 아홉 꼬마 인디언 열 꼬마 인디언 보이 한 꼬마 두 꼬마 세 꼬마 인디언 네 꼬마 다섯 꼬마 여섯 꼬마 인디언 일곱 꼬마 여덟 꼬마 아홉 꼬마 인디언 열 꼬마 인디언 보이,ko,1.0,50,147,1,0.26
kr039a,False,processed_dataset/CSD/korean/audio_rejected/kr039a.wav,../../data/raw/CSD/korean/wav/kr039a.wav,../../data/raw/CSD/korean/lyric/kr039a.txt,2025-10-24T22:19:50.300658+00:00,1.0.0,44100,44100,2,4.5351473922902495e-05,-inf,0.33665645122528076,0.0,1.8077300767416205e-09,0.0,0.0,0.0,8017.158930129294,5295.173209552747,-1131.370849609375,0.0,0.0,0.0,0.0,0.0,0.0,0.0,0.0,0.0,0.0,0.0,0.0,0.0,0.0,0.0,0.0,0.0,0.0,0.0,0.0,0.0,0.0,0.0,0.0,0.0,0.5000000596046448,마음을 열어 하늘을 보라 넓고 높고 푸른 하늘 가슴을 펴고 소리쳐 보자 우리들은 새싹들이다 푸른 꿈이 자아란다 곱고 고운 꿈 두리둥실 떠어간다 구름이 되어 너른 벌판을 달려 나가자 씩씩하게 나가자 어깨를 걸고 함께 나가자 발맞춰 나가자 마음을 열어 하늘을 보라 넓고 높고 푸른 하늘 가슴을 펴고 소리쳐 보자 우리들은 새싹들이다 해님 되자 달님 되자 별님이 되자 너른 세상 부울 밝힐 큰 빛이 되자 무지개 빛깔 아름다운 꿈 모두 우리 차지다 너와 나 함께 우리가 되어 힘차게 나가자,ko,1.0,77,268,1,0.6623376623376623
kr022b,False,processed_dataset/CSD/korean/audio_rejected/kr022b.wav,../../data/raw/CSD/korean/wav/kr022b.wav,../../data/raw/CSD/korean/lyric/kr022b.txt,2025-10-24T22:19:50.336004+00:00,1.0.0,44100,44100,2,4.5351473922902495e-05,-inf,0.043709348887205124,0.0,9.368439464196854e-07,0.0,0.0,0.0,8006.6861259833195,5285.0685110607465,-1114.1790771484375,0.0,8.729618072509766,0.0,-4.382785797119141,0.0,1.0691733360290527,0.0,0.45824575424194336,0.0,-0.955070436000824,0.0,0.7583010196685791,0.0,-0.431949257850647,0.0,0.0020272089168429375,0.0,0.17178486287593842,0.0,-0.32574695348739624,0.0,0.20762276649475098,0.0,-0.15768274664878845,0.0,0.5000003576278687,개굴 개굴 개구리 노래를 한다 아들 손자 며느리 다아 모여서 밤새도록 하여도 듣는이 없네 듣는 사람 없어도 날이 밝도록 개굴개굴 개구리 노래를 한다 개굴개굴 개구리 목청도 좋다 개굴 개굴 개구리 노래를 한다 아들 손자 며느리 다아 모여서 밤새도록 하여도 듣는이 없네 듣는 사람 없어도 날이 밝도록 개굴개굴 개구리 노래를 한다 개굴개굴 개구리 목청도 좋다,ko,1.0,54,197,1,0.3888888888888889
kr048a,False,processed_dataset/CSD/korean/audio_rejected/kr048a.wav,../../data/raw/CSD/korean/wav/kr048a.wav,../../data/raw/CSD/korean/lyric/kr048a.txt,2025-10-24T22:19:50.360266+00:00,1.0.0,44100,44100,2,4.5351473922902495e-05,-inf,0.20652787387371063,0.0,1.7134851759692538e-08,0.0,0.0,0.0,8010.97479956423,5289.283938306115,-1131.370849609375,0.0,0.0,0.0,0.0,0.0,0.0,0.0,0.0,0.0,0.0,0.0,0.0,0.0,0.0,0.0,0.0,0.0,0.0,0.0,0.0,0.0,0.0,0.0,0.0,0.0,0.5000001192092896,숲속을 걸어요 산새들이 속삭이는 길 숲속을 걸어요 꽃향기가 그윽한 길 해님도 쉬었다 가는 길 다람쥐가 넘나드는 길 정다운 얼굴로 우리 모두 숲속을 걸어요 숲속을 걸어요 맑은 바람 솔바람 이는 숲속을 걸어요 도랑물이 노래하는 길 달님도 쉬었다 가는 길 산노루가 넘나드는 길 웃음 띤 얼굴로 우리 모두 숲속을 걸어요,ko,1.0,48,174,1,0.5416666666666666
kr018b,False,processed_dataset/CSD/korean/audio_rejected/kr018b.wav,../../data/raw/CSD/korean/wav/kr018b.wav,../../data/raw/CSD/korean/lyric/kr018b.txt,2025-10-24T22:19:50.374706+00:00,1.0.0,44100,44100,2,4.5351473922902495e-05,-inf,0.008707070723176003,0.0,1.3229138176029664e-06,0.0,0.0,0.0,8006.408943945624,5284.783088753234,-1085.2313232421875,0.0,15.481428146362305,0.0,-10.374703407287598,0.0,5.92115592956543,0.0,-3.0377888679504395,0.0,1.1529607772827148,0.0,-0.10038497298955917,0.0,-0.5547491312026978,0.0,0.768791913986206,0.0,-0.8955586552619934,0.0,0.7485007047653198,0.0,-0.6664854288101196,0.0,0.40990394353866577,0.0,0.5000003576278687,울면 안 돼 울면 안 돼 산타 할아버지는 우는 애들엔 선물을 안 주신대요 산타 할아버지는 알고 계신대 누가 착한 앤지 나쁜 앤지 오늘 밤에 다녀가신대 잠 잘 때나 일어날 때 짜증낼 때 장난할 때도 산타 할아버지는 모든 것을 알고 계신대 울면 안 돼 울면 안 돼 산타 할아버지는 우리 마을을 오늘 밤에 다녀가신대 울면 안 돼 울면 안 돼 산타 할아버지는 우는 애들엔 선물을 안 주신대요 산타 할아버지는 알고 계신대 누가 착한 앤지 나쁜 앤지 오늘 밤에 다녀가신대 잠 잘 때나 일어날 때 짜증낼 때 장난할 때도 산타 할아버지는 모든 것을 알고 계신대 울면 안 돼 울면 안 돼 산타 할아버지는 우리 마을을 오늘 밤에 다녀가신대,ko,1.0,106,347,1,0.2830188679245283
kr038b,False,processed_dataset/CSD/korean/audio_rejected/kr038b.wav,../../data/raw/CSD/korean/wav/kr038b.wav,../../data/raw/CSD/korean/lyric/kr038b.txt,2025-10-24T22:19:50.410096+00:00,1.0.0,44100,44100,2,4.5351473922902495e-05,-inf,5.496578216552734,0.0,2.439067836590425e-10,0.0,0.0,0.0,8880.485284892675,5870.12009045861,-1131.370849609375,0.0,0.0,0.0,0.0,0.0,0.0,0.0,0.0,0.0,0.0,0.0,0.0,0.0,0.0,0.0,0.0,0.0,0.0,0.0,0.0,0.0,0.0,0.0,0.0,0.0,0.5,초록빛 바닷물에 두 손을 담그으면 초록빛 바닷물에 두 손을 담그면 파아란 하늘빛 무울이 들지요 어여쁜 초록빛 소온이 되지요 초록빛 여울물에 두우발을 담그면 물결이 사알랑 어루만져어요 물결이 사알랑 어루만져요 초록빛 바닷물에 두 손을 담그으면 초록빛 바닷물에 두 손을 담그면 파아란 하늘빛 무울이 들지요 어여쁜 초록빛 소온이 되지요 초록빛 여울물에 두우발을 담그면 물결이 사알랑 어루만져어요 물결이 사알랑 어루만져요,ko,1.0,56,231,1,0.3392857142857143
kr040a,False,processed_dataset/CSD/korean/audio_rejected/kr040a.wav,../../data/raw/CSD/korean/wav/kr040a.wav,../../data/raw/CSD/korean/lyric/kr040a.txt,2025-10-24T22:19:50.483266+00:00,1.0.0,44100,44100,2,4.5351473922902495e-05,-inf,0.05247611552476883,0.0,7.905936350027787e-09,0.0,0.0,0.0,8006.79834860276,5285.182432366932,-1131.370849609375,0.0,0.0,0.0,0.0,0.0,0.0,0.0,0.0,0.0,0.0,0.0,0.0,0.0,0.0,0.0,0.0,0.0,0.0,0.0,0.0,0.0,0.0,0.0,0.0,0.0,0.5000002384185791,거미가 줄을 타고 올라갑니다 거미가 줄을 타고 올라갑니다 비가아 오면 부서집니다 해님이 다시 솟아오르면 거미가 줄을 타고 내려옵니다 거미가 줄을 타고 내려옵니다 거미가 줄을 타고 올라갑니다 거미가 줄을 타고 올라갑니다 비가아 오면 부서집니다 해님이 다시 솟아오르면 거미가 줄을 타고 내려옵니다 거미가 줄을 타고 내려옵니다,ko,1.0,44,179,1,0.25
kr010b,False,processed_dataset/CSD/korean/audio_rejected/kr010b.wav,../../data/raw/CSD/korean/wav/kr010b.wav,../../data/raw/CSD/korean/lyric/kr010b.txt,2025-10-24T22:19:50.483934+00:00,1.0.0,44100,44100,2,4.5351473922902495e-05,-inf,0.013759352266788483,0.0,2.063333326418615e-08,0.0,0.0,0.0,8006.430364484295,5284.805656255638,-1131.370849609375,0.0,0.0,0.0,0.0,0.0,0.0,0.0,0.0,0.0,0.0,0.0,0.0,0.0,0.0,0.0,0.0,0.0,0.0,0.0,0.0,0.0,0.0,0.0,0.0,0.0,0.5000003576278687,꿈 속에 보는 화이트 크리스마스 또 다시 돌아 왔구나 방울 소리 처량하게도 흰눈 속을 썰매는 간다 꿈 속에 보는 화이트 크리스마스 카드에 적어 보내는 메리 크리스마스 평안하라 복주시는 거룩한 밤에,ko,1.0,30,109,1,0.8
kr050b,False,processed_dataset/CSD/korean/audio_rejected/kr050b.wav,../../data/raw/CSD/korean/wav/kr050b.wav,../../data/raw/CSD/korean/lyric/kr050b.txt,2025-10-24T22:19:50.485285+00:00,1.0.0,44100,44100,2,4.5351473922902495e-05,-inf,1.5445083379745483,0.0,3.190431696609153e-09,0.0,0.0,0.0,8145.686791387911,5405.325023116227,-1131.370849609375,0.0,0.0,0.0,0.0,0.0,0.0,0.0,0.0,0.0,0.0,0.0,0.0,0.0,0.0,0.0,0.0,0.0,0.0,0.0,0.0,0.0,0.0,0.0,0.0,0.0,0.5,창밖을 보라 창밖을 보라 흰눈이 내린다 창밖을 보라 창밖을 보라 찬 겨울이 왔다 썰매를 타는 어린애들은 해가는 줄도 모르고 눈길 위에다 썰매를 깔고 즐겁게 달린다 긴긴해가 다가고 어둠이 오면 오색 빛이 찬란한 거리 거리의 성탄빛 추운 겨울이 다가기 전에 마음껏 즐기라 맑고 흰 눈이 새봄빛 속에 사라지기 전에 창밖을 보라 창밖을 보라 흰눈이 내린다 창밖을 보라 창밖을 보라 찬 겨울이 왔다 썰매를 타는 어린애들은 해가는 줄도 모르고 눈길 위에다 썰매를 깔고 즐겁게 달린다 긴긴해가 다가고 어둠이 오면 오색 빛이 찬란한 거리 거리의 성탄빛 추운 겨울이 다가기 전에 마음껏 즐기라 맑고 흰 눈이 새봄빛 속에 사라지기 전에,ko,1.0,96,345,1,0.40625
kr019a,False,processed_dataset/CSD/korean/audio_rejected/kr019a.wav,../../data/raw/CSD/korean/wav/kr019a.wav,../../data/raw/CSD/korean/lyric/kr019a.txt,2025-10-24T22:19:50.494602+00:00,1.0.0,44100,44100,2,4.5351473922902495e-05,-inf,0.022263789549469948,0.0,1.799860172013723e-08,0.0,0.0,0.0,8006.481746954364,5284.859087956837,-1131.370849609375,0.0,0.0,0.0,0.0,0.0,0.0,0.0,0.0,0.0,0.0,0.0,0.0,0.0,0.0,0.0,0.0,0.0,0.0,0.0,0.0,0.0,0.0,0.0,0.0,0.0,0.5000004172325134,도는 하얀 도화지 레는 둥근 레코드 미는 파란 미나리 파는 예쁜 파랑새 솔은 작은 솔방울 라는 라디오 고요 시는 졸졸 시냇물 다아 함께 부르자 도는 하얀 도화지 레는 둥근 레코드 미는 파란 미나리 파는 예쁜 파랑새 솔은 작은 솔방울 라는 라디오 고요 시는 졸졸 시냇물 다아 함께 부르자 솔도 라파 미도 레 솔도 라시 도레 도 도는 하얀 도화지 레는 둥근 레코드 미는 파란 미나리 파는 예쁜 파랑새 솔은 작은 솔방울 라는 라디오 고요 시는 졸졸 시냇물 다아 함께 부르자,ko,1.0,80,261,1,0.3875
kr047a,False,processed_dataset/CSD/korean/audio_rejected/kr047a.wav,../../data/raw/CSD/korean/wav/kr047a.wav,../../data/raw/CSD/korean/lyric/kr047a.txt,2025-10-24T22:19:50.487169+00:00,1.0.0,44100,44100,2,4.5351473922902495e-05,-inf,0.11480733007192612,0.0,9.87142900754634e-09,0.0,0.0,0.0,8008.018188799828,5286.40003903202,-1131.370849609375,0.0,0.0,0.0,0.0,0.0,0.0,0.0,0.0,0.0,0.0,0.0,0.0,0.0,0.0,0.0,0.0,0.0,0.0,0.0,0.0,0.0,0.0,0.0,0.0,0.0,0.5000001788139343,이슬비 내리는 이른 아침에 우산 셋이 나란히 걸어갑니다 파란 우산 검정 우산 찢어진 우산 좁다란 학교 길에 우사안 세 개가 이마를 마주대고 걸어갑니다 이슬비 내리는 이른 아침에 우산 셋이 나란히 걸어갑니다 파란 우산 검정 우산 찢어진 우산 좁다란 학교 길에 우사안 세 개가 이마를 마주대고 걸어갑니다,ko,1.0,46,167,1,0.41304347826086957
kr044a,False,processed_dataset/CSD/korean/audio_rejected/kr044a.wav,../../data/raw/CSD/korean/wav/kr044a.wav,../../data/raw/CSD/korean/lyric/kr044a.txt,2025-10-24T22:19:50.520890+00:00,1.0.0,44100,44100,2,4.5351473922902495e-05,-inf,0.09578616172075272,0.0,2.453963077186927e-08,0.0,0.0,0.0,8007.571942084733,5285.957706304106,-1131.370849609375,0.0,0.0,0.0,0.0,0.0,0.0,0.0,0.0,0.0,0.0,0.0,0.0,0.0,0.0,0.0,0.0,0.0,0.0,0.0,0.0,0.0,0.0,0.0,0.0,0.0,0.5000002384185791,우리 모두 다 같이 손뼉을 우리 모두 다 같이 손뼉을 우리 모두 다 같이 즐겁게 노래해 우리 모두 다 같이 손뼉을 우리 모두 다 같이 발 굴러 우리 모두 다 같이 발 굴러 우리 모두 다 같이 즐겁게 노래해 우리 모두 다 같이 발굴러 우리 모두 다 같이 외쳐봐 우리 모두 다 같이 외쳐봐 우리 모두 다 같이 즐겁게 노래해 우리 모두 다 같이 외쳐봐,ko,1.0,65,193,1,0.16923076923076924
kr035a,False,processed_dataset/CSD/korean/audio_rejected/kr035a.wav,../../data/raw/CSD/korean/wav/kr035a.wav,../../data/raw/CSD/korean/lyric/kr035a.txt,2025-10-24T22:19:50.550899+00:00,1.0.0,44100,44100,2,4.5351473922902495e-05,-inf,0.006623307708650827,0.0,2.8297170047153486e-06,0.0,0.0,0.0,8006.401984201828,5284.7756945011415,-1015.5770263671875,0.0,22.575124740600586,0.0,-17.26772689819336,0.0,12.489282608032227,0.0,-9.170501708984375,0.0,6.757801055908203,0.0,-5.106320858001709,0.0,3.8047595024108887,0.0,-2.920997381210327,0.0,2.125094413757324,0.0,-1.6256325244903564,0.0,1.103092908859253,0.0,-0.8127788305282593,0.0,0.5000003576278687,즐거운 곳에서는 날 오라 하여도 내 쉬일 곳은 작은 집 내 지입뿐이리 내 나아라 내 기쁨 길이이 쉴 곳도 꽃 피이고 새 우는 집 내 집뿐이리 오 사랑 나의 집 즐거어운 나의 벗 내 지입뿐이리 고요한 밤 달빛도 창앞에 흐르면 내 푸으른 꿈길도 내 잊지 못하리 저 마앍은 바람아 가을이어디뇨 벌레에 우는 곳에 아기별눈뜨네 오 사랑 나의 집 즐거어운 나의 벗 내 지입뿐이리,ko,1.0,63,205,1,0.6666666666666666
kr037b,True,processed_dataset/CSD/korean/audio_normalized/kr037b.wav,../../data/raw/CSD/korean/wav/kr037b.wav,../../data/raw/CSD/korean/lyric/kr037b.txt,2025-10-24T22:19:50.563305+00:00,1.0.0,44100,44100,2,4.5351473922902495e-05,-inf,10.773033142089844,0.0,4.635248629369926e-09,0.0,0.0,0.0,9769.050954803955,6206.458669833358,-1131.370849609375,0.0,0.0,0.0,0.0,0.0,0.0,0.0,0.0,0.0,0.0,0.0,0.0,0.0,0.0,0.0,0.0,0.0,0.0,0.0,0.0,0.0,0.0,0.0,0.0,0.0,0.4999999701976776,루돌프 사슴코는 매우 반짝이는 코 만일 네가 봤다면 불붙는다 했겠지 다른 모든 사슴들 놀려대며 웃었네 가엾은 저 루돌프 외톨이가 되었네 안개낀 성탄절날 산타 말하길 루돌프가 밝으니 썰매를 끌어주렴 그 후론 사슴들이 그를 매우 사랑했네 루돌프 사슴코는 길이 길이 기억되리 루돌프 사슴코는 매우 반짝이는 코 만일 네가 봤다면 불붙는다 했겠지 다른 모든 사슴들 놀려대며 웃었네 가엾은 저 루돌프 외톨이가 되었네 안개낀 성탄절날 산타 말하길 루돌프가 밝으니 썰매를 끌어주렴 그 후론 사슴들이 그를 매우 사랑했네 루돌프 사슴코는 길이 길이 기억되리 길이 길이 기억되리,ko,1.0,81,312,1,0.41975308641975306
kr036a,False,processed_dataset/CSD/korean/audio_rejected/kr036a.wav,../../data/raw/CSD/korean/wav/kr036a.wav,../../data/raw/CSD/korean/lyric/kr036a.txt,2025-10-24T22:19:50.567651+00:00,1.0.0,44100,44100,2,4.5351473922902495e-05,-inf,1.5612094402313232,0.0,2.2795416665388757e-09,0.0,0.0,0.0,8148.098909133019,5407.257572217138,-1131.370849609375,0.0,0.0,0.0,0.0,0.0,0.0,0.0,0.0,0.0,0.0,0.0,0.0,0.0,0.0,0.0,0.0,0.0,0.0,0.0,0.0,0.0,0.0,0.0,0.0,0.0,0.5000000596046448,퐁당퐁당 돌을 던지자 누나 몰래 돌을 던지자 냇물아 퍼져라 멀리멀리 퍼져라 건너편에 앉아서 나물을 씻는 우리누나 손드응을 간질여주어라 퐁당퐁당 돌을 던지자 누나 몰래 돌을 던지자 냇물아 퍼져라 퍼질 대로 퍼져라 고운 노래 한마디 들려달라고 우리 누나 손드응을 간질여주어라,ko,1.0,38,151,1,0.5789473684210527
kr024b,False,processed_dataset/CSD/korean/audio_rejected/kr024b.wav,../../data/raw/CSD/korean/wav/kr024b.wav,../../data/raw/CSD/korean/lyric/kr024b.txt,2025-10-24T22:19:50.574791+00:00,1.0.0,44100,44100,2,4.5351473922902495e-05,-inf,0.13832104206085205,0.0,3.208340970672907e-08,0.0,0.0,0.0,8008.651738633793,5287.023981106876,-1131.370849609375,0.0,0.0,0.0,0.0,0.0,0.0,0.0,0.0,0.0,0.0,0.0,0.0,0.0,0.0,0.0,0.0,0.0,0.0,0.0,0.0,0.0,0.0,0.0,0.0,0.0,0.5000001788139343,머리 어깨 무릎 발 무릎 발 머리 어깨 무릎 발 무릎 바알 무릎 머리 어깨 바알 무릎 발 머리 어깨 무릎 귀 코 귀,ko,1.0,24,64,1,0.2916666666666667
kr017a,True,processed_dataset/CSD/korean/audio_normalized/kr017a.wav,../../data/raw/CSD/korean/wav/kr017a.wav,../../data/raw/CSD/korean/lyric/kr017a.txt,2025-10-24T22:19:50.587646+00:00,1.0.0,44100,44100,2,4.5351473922902495e-05,-inf,11.808276176452637,0.0,2.7126949575517756e-09,0.0,0.0,0.0,9902.978691609324,6240.298729288362,-1131.370849609375,0.0,0.0,0.0,0.0,0.0,0.0,0.0,0.0,0.0,0.0,0.0,0.0,0.0,0.0,0.0,0.0,0.0,0.0,0.0,0.0,0.0,0.0,0.0,0.0,0.0,0.5,나처럼 해봐요 이렇게 나처럼 해봐요 이렇게 나처럼 해봐요 이렇게 아이 참 재미있네 나처럼 해봐요 요렇게 나처럼 해봐요 요렇게 나처럼 해봐요 요렇게 아이 참 재미있네 나처럼 해봐요 이렇게 나처럼 해봐요 이렇게 나처럼 해봐요 이렇게 아이 참 재미있네 나처럼 해봐요 요렇게 나처럼 해봐요 요렇게 나처럼 해봐요 요렇게 아이 참 재미있네,ko,1.0,48,183,1,0.14583333333333334
kr043b,False,processed_dataset/CSD/korean/audio_rejected/kr043b.wav,../../data/raw/CSD/korean/wav/kr043b.wav,../../data/raw/CSD/korean/lyric/kr043b.txt,2025-10-24T22:19:50.673069+00:00,1.0.0,44100,44100,2,4.5351473922902495e-05,-inf,0.4051932096481323,0.0,8.659427841450906e-09,0.0,0.0,0.0,8021.235625217734,5298.98907212057,-1131.370849609375,0.0,0.0,0.0,0.0,0.0,0.0,0.0,0.0,0.0,0.0,0.0,0.0,0.0,0.0,0.0,0.0,0.0,0.0,0.0,0.0,0.0,0.0,0.0,0.0,0.0,0.5000000596046448,산중호걸이라 하는 호랑님의 생일날이 되어 각색 짐승 고옹원에 모여 무도회가 열렸네 토끼는 춤추고 여우는 바이올린 찐짠 찌가찌가 찐짠 찐찐찐찐 하더라 그중에 한놈이 잘난체 하아면서 까불 까불 까불 까불 까불 까불 하더라,ko,1.0,31,121,1,0.7741935483870968
kr041b,False,processed_dataset/CSD/korean/audio_rejected/kr041b.wav,../../data/raw/CSD/korean/wav/kr041b.wav,../../data/raw/CSD/korean/lyric/kr041b.txt,2025-10-24T22:19:50.717011+00:00,1.0.0,44100,44100,2,4.5351473922902495e-05,-inf,0.0923634022474289,0.0,3.994118458194862e-07,0.0,0.0,0.0,8007.498294332867,5285.884415391721,-1131.370849609375,0.0,0.0,0.0,0.0,0.0,0.0,0.0,0.0,0.0,0.0,0.0,0.0,0.0,0.0,0.0,0.0,0.0,0.0,0.0,0.0,0.0,0.0,0.0,0.0,0.0,0.5000002384185791,반짝반짝 작은별 아름답게 비치네 동쪽하늘에서도 서쪽하늘에서도 반짝반짝 작은별 아름답게 비치네 반짝반짝 작은별 아름답게 비치네 동쪽하늘에서도 서쪽하늘에서도 반짝반짝 작은별 아름답게 비치네,ko,1.0,20,103,1,0.3
kr003a,False,processed_dataset/CSD/korean/audio_rejected/kr003a.wav,../../data/raw/CSD/korean/wav/kr003a.wav,../../data/raw/CSD/korean/lyric/kr003a.txt,2025-10-24T22:19:50.718293+00:00,1.0.0,44100,44100,2,4.5351473922902495e-05,-inf,0.7634536027908325,0.0,2.040123980862063e-08,0.0,0.0,0.0,8050.146623688578,5325.153020056825,-1131.370849609375,0.0,0.0,0.0,0.0,0.0,0.0,0.0,0.0,0.0,0.0,0.0,0.0,0.0,0.0,0.0,0.0,0.0,0.0,0.0,0.0,0.0,0.0,0.0,0.0,0.0,0.5000000596046448,곰 세마리가 한 집에 있어 아빠곰 엄마곰 애기곰 아빠곰은 뚱뚱해 엄마곰은 날씬해 애기곰은 너무 귀여워 히쭉히쭉 잘한다 곰 세마리가 한 집에 있어 아빠곰 엄마곰 애기곰 아빠곰은 뚱뚱해 엄마곰은 날씬해 애기곰은 너무 귀여워 히쭉히쭉 잘한다 히쭉히쭉 잘한다,ko,1.0,36,140,1,0.4722222222222222
kr004b,False,processed_dataset/CSD/korean/audio_rejected/kr004b.wav,../../data/raw/CSD/korean/wav/kr004b.wav,../../data/raw/CSD/korean/lyric/kr004b.txt,2025-10-24T22:19:50.749308+00:00,1.0.0,44100,44100,2,4.5351473922902495e-05,-inf,0.0030591615941375494,0.0,1.106268882722361e-06,0.0,0.0,0.0,8006.3927229415485,5284.765724541435,-1100.6065673828125,0.0,12.451582908630371,0.0,-7.580400466918945,0.0,3.4943935871124268,0.0,-1.0761252641677856,0.0,-0.2887226939201355,0.0,0.8120945692062378,0.0,-0.9728776216506958,0.0,0.764926552772522,0.0,-0.5694438219070435,0.0,0.21467731893062592,0.0,-0.041054412722587585,0.0,-0.20178809762001038,0.0,0.5000002980232239,옆집사는 개 이름 빙고라지요 비아이엔지오 비아이엔지오 비아이엔지오 빙고 개 이름 옆집사는 개 이름 빙고라지요 비아이엔지오 비아이엔지오 비아이엔지오 빙고 개 이름 옆집사는 개 이름 빙고라지요 비아이엔지오 비아이엔지오 비아이엔지오 빙고 개 이름 옆집사는 개 이름 빙고라지요 비아이엔지오 비아이엔지오 비아이엔지오 빙고 개 이름,ko,1.0,40,179,1,0.15
kr029a,False,processed_dataset/CSD/korean/audio_rejected/kr029a.wav,../../data/raw/CSD/korean/wav/kr029a.wav,../../data/raw/CSD/korean/lyric/kr029a.txt,2025-10-24T22:19:50.751323+00:00,1.0.0,44100,44100,2,4.5351473922902495e-05,-inf,0.734939694404602,0.0,3.766804645977118e-09,0.0,0.0,0.0,8047.430419745149,5322.7469787651735,-1131.370849609375,0.0,0.0,0.0,0.0,0.0,0.0,0.0,0.0,0.0,0.0,0.0,0.0,0.0,0.0,0.0,0.0,0.0,0.0,0.0,0.0,0.0,0.0,0.0,0.0,0.0,0.5000000596046448,흰눈 사이로 썰매를 타고 달리는 기분 상쾌도 하다아 종이 울려서 장단 맞추니 흥겨워서 소리높여 노래 부른다 종소리 울려라 종소리 울려 우리 썰매 빨리 달려 종소리 울려라 종소리 울려라 종소리 울려 기쁜 노래 부르면서 빨리 달린다 흰눈 사이로 썰매를 타고 달리는 기분 상쾌도 하다아 종이 울려서 장단 맞추니 흥겨워서 소리높여 노래 부른다 종소리 울려라 종소리 울려 우리 썰매 빨리 달려 종소리 울려라 종소리 울려라 종소리 울려 기쁜 노래 부르면서 빨리 달린다,ko,1.0,70,255,1,0.37142857142857144
kr036b,False,processed_dataset/CSD/korean/audio_rejected/kr036b.wav,../../data/raw/CSD/korean/wav/kr036b.wav,../../data/raw/CSD/korean/lyric/kr036b.txt,2025-10-24T22:19:50.781758+00:00,1.0.0,44100,44100,2,4.5351473922902495e-05,-inf,0.0032857570331543684,0.0,9.029377565639152e-07,0.0,0.0,0.0,8006.393286622383,5284.76633231297,-1117.050537109375,0.0,7.741255760192871,0.0,-3.5970265865325928,0.0,0.5655900835990906,0.0,0.6661678552627563,0.0,-0.9178187251091003,0.0,0.5706873536109924,0.0,-0.20307257771492004,0.0,-0.17568251490592957,0.0,0.24521538615226746,0.0,-0.28906989097595215,0.0,0.0949447900056839,0.0,-0.024206578731536865,0.0,0.5000004172325134,퐁당퐁당 돌을 던지자 누나 몰래 돌을 던지자 냇물아 퍼져라 멀리멀리 퍼져라 건너편에 앉아서 나물을 씻는 우리누나 손드응을 간질여주어라 퐁당퐁당 돌을 던지자 누나 몰래 돌을 던지자 냇물아 퍼져라 퍼질 대로 퍼져라 고운 노래 한마디 들려달라고 우리 누나 손드응을 간질여주어라,ko,1.0,38,151,1,0.5789473684210527
kr044b,False,processed_dataset/CSD/korean/audio_rejected/kr044b.wav,../../data/raw/CSD/korean/wav/kr044b.wav,../../data/raw/CSD/korean/lyric/kr044b.txt,2025-10-24T22:19:50.817315+00:00,1.0.0,44100,44100,2,4.5351473922902495e-05,-inf,0.020982615649700165,0.0,1.369373148207842e-08,0.0,0.0,0.0,8006.472888617344,5284.849921352595,-1131.370849609375,0.0,0.0,0.0,0.0,0.0,0.0,0.0,0.0,0.0,0.0,0.0,0.0,0.0,0.0,0.0,0.0,0.0,0.0,0.0,0.0,0.0,0.0,0.0,0.0,0.0,0.5000003576278687,우리 모두 다 같이 손뼉을 우리 모두 다 같이 손뼉을 우리 모두 다 같이 즐겁게 노래해 우리 모두 다 같이 손뼉을 우리 모두 다 같이 발 굴러 우리 모두 다 같이 발 굴러 우리 모두 다 같이 즐겁게 노래해 우리 모두 다 같이 발굴러 우리 모두 다 같이 외쳐봐 우리 모두 다 같이 외쳐봐 우리 모두 다 같이 즐겁게 노래해 우리 모두 다 같이 외쳐봐,ko,1.0,65,193,1,0.16923076923076924
kr045a,False,processed_dataset/CSD/korean/audio_rejected/kr045a.wav,../../data/raw/CSD/korean/wav/kr045a.wav,../../data/raw/CSD/korean/lyric/kr045a.txt,2025-10-24T22:19:50.824662+00:00,1.0.0,44100,44100,2,4.5351473922902495e-05,-inf,0.9277673959732056,0.0,1.6590923079817799e-09,0.0,0.0,0.0,8067.018322071372,5339.90737943804,-1131.370849609375,0.0,0.0,0.0,0.0,0.0,0.0,0.0,0.0,0.0,0.0,0.0,0.0,0.0,0.0,0.0,0.0,0.0,0.0,0.0,0.0,0.0,0.0,0.0,0.0,0.0,0.5,바람 솔솔 불어오는 산에 올라가 파란 하늘 노란 들판 내려다보며 잔디밭에 옹기종기 모여 앉아서 수건 돌리기를 해보자 손잡고 동그랗게 모이자 모두 모이자 랄랄라 누가 누가 술래냐 가위 바위 보 빙글빙글 돌아간다 술래가 돈다 우리 모두 손뼉치며 노래부르자 파란 하늘 높이 높이 올라가도록 소리 높여 노래부르자 바람 솔솔 불어오는 산에 올라가 파란 하늘 노란 들판 내려다보며 잔디밭에 옹기종기 모여 앉아서 수건 돌리기를 해보자 손잡고 동그랗게 모이자 모두 모이자 랄랄라 누가 누가 술래냐 가위 바위 보 빙글빙글 돌아간다 술래가 돈다 우리 모두 손뼉치며 노래부르자 파란 하늘 높이 높이 올라가도록 소리 높여 노래부르자,ko,1.0,90,341,1,0.4222222222222222
kr012a,False,processed_dataset/CSD/korean/audio_rejected/kr012a.wav,../../data/raw/CSD/korean/wav/kr012a.wav,../../data/raw/CSD/korean/lyric/kr012a.txt,2025-10-24T22:19:50.849469+00:00,1.0.0,44100,44100,2,4.5351473922902495e-05,-inf,2.597581148147583,0.0,2.2103125996153494e-09,0.0,0.0,0.0,8318.09100759077,5534.919916125233,-1131.370849609375,0.0,0.0,0.0,0.0,0.0,0.0,0.0,0.0,0.0,0.0,0.0,0.0,0.0,0.0,0.0,0.0,0.0,0.0,0.0,0.0,0.0,0.0,0.0,0.0,0.0,0.5,깊고 작은 산골짜기 사이로 맑은 물 흐르는 작은 샘터에 예쁜 꽃들 사이에 살짝 숨겨진 이슬 먹고 피어난 네잎클로버 랄랄라 하안잎 랄랄라 두우잎 랄랄라 세에잎 랄랄라 네에잎 행운을 가져다 준다는 수줍은 얼굴의 미소 한 줄기의 따스한 햇살 받으며 희망으로 가득한 나의 친구야 빛처럼 밝으은 마음으로 너를 다앎고 싶어 깊고 작은 산골짜기 사이로 맑은 물 흐르는 작은 샘터에 예쁜 꽃들 사이에 살짝 숨겨진 이슬 먹고 피어난 네잎클로버 랄랄라 하안잎 랄랄라 두우잎 랄랄라 세에잎 랄랄라 네에잎 행운을 가져다 준다는 수줍은 얼굴의 미소 한 줄기의 따스한 햇살 받으며 희망으로 가득한 나의 친구야 빛처럼 밝으은 마음으로 너를 다앎고 싶어,ko,1.0,94,349,1,0.4574468085106383
kr009a,False,processed_dataset/CSD/korean/audio_rejected/kr009a.wav,../../data/raw/CSD/korean/wav/kr009a.wav,../../data/raw/CSD/korean/lyric/kr009a.txt,2025-10-24T22:19:50.869568+00:00,1.0.0,44100,44100,2,4.5351473922902495e-05,-inf,0.03804727643728256,0.0,1.0473374167929705e-08,0.0,0.0,0.0,8006.621787364442,5285.00295034681,-1131.370849609375,0.0,0.0,0.0,0.0,0.0,0.0,0.0,0.0,0.0,0.0,0.0,0.0,0.0,0.0,0.0,0.0,0.0,0.0,0.0,0.0,0.0,0.0,0.0,0.0,0.0,0.5000003576278687,딩동댕 초인종 소리에 얼른 문을 열었더니 그토록 기다리던 아빠가 문 앞에 서계셨죠 너무나 반가워 웃으며 아빠하고 불렀는데 어쩐지 오늘 아빠의 얼굴이 우울해 보이네요 무슨 일이 생겼나요 무슨 걱정 있나요 마음대로 안되는 일 오늘 있었나요 아빠 힘내세요 우리가 있잖아요 아빠 힘내세요 우리가 있어요 딩동댕 초인종 소리에 얼른 문을 열었더니 그토록 기다리던 아빠가 문 앞에 서계셨죠 너무나 반가워 웃으며 아빠하고 불렀는데 어쩐지 오늘 아빠의 얼굴이 우울해 보이네요 무슨 일이 생겼나요 무슨 걱정 있나요 마음대로 안되는 일 오늘 있었나요 아빠 힘내세요 우리가 있잖아요 아빠 힘내세요 우리가 있어요,ko,1.0,84,329,1,0.44047619047619047
kr022a,False,processed_dataset/CSD/korean/audio_rejected/kr022a.wav,../../data/raw/CSD/korean/wav/kr022a.wav,../../data/raw/CSD/korean/lyric/kr022a.txt,2025-10-24T22:19:50.876784+00:00,1.0.0,44100,44100,2,4.5351473922902495e-05,-inf,0.2732508182525635,0.0,2.8286621045481297e-08,0.0,0.0,0.0,8013.874905229148,5292.063940468559,-1131.370849609375,0.0,0.0,0.0,0.0,0.0,0.0,0.0,0.0,0.0,0.0,0.0,0.0,0.0,0.0,0.0,0.0,0.0,0.0,0.0,0.0,0.0,0.0,0.0,0.0,0.0,0.5000001192092896,개굴 개굴 개구리 노래를 한다 아들 손자 며느리 다아 모여서 밤새도록 하여도 듣는이 없네 듣는 사람 없어도 날이 밝도록 개굴개굴 개구리 노래를 한다 개굴개굴 개구리 목청도 좋다 개굴 개굴 개구리 노래를 한다 아들 손자 며느리 다아 모여서 밤새도록 하여도 듣는이 없네 듣는 사람 없어도 날이 밝도록 개굴개굴 개구리 노래를 한다 개굴개굴 개구리 목청도 좋다,ko,1.0,54,197,1,0.3888888888888889
kr035b,False,processed_dataset/CSD/korean/audio_rejected/kr035b.wav,../../data/raw/CSD/korean/wav/kr035b.wav,../../data/raw/CSD/korean/lyric/kr035b.txt,2025-10-24T22:19:50.930390+00:00,1.0.0,44100,44100,2,4.5351473922902495e-05,-inf,0.016165174543857574,0.0,1.0849661293832469e-06,0.0,0.0,0.0,8006.443204396337,5284.819071109241,-1102.2337646484375,0.0,12.06496810913086,0.0,-7.235020637512207,0.0,3.211862087249756,0.0,-0.8701958656311035,0.0,-0.4134937524795532,0.0,0.8605780601501465,0.0,-0.9579585194587708,0.0,0.7052088975906372,0.0,-0.48620787262916565,0.0,0.12855465710163116,0.0,0.030700549483299255,0.0,-0.24753648042678833,0.0,0.5000003576278687,즐거운 곳에서는 날 오라 하여도 내 쉬일 곳은 작은 집 내 지입뿐이리 내 나아라 내 기쁨 길이이 쉴 곳도 꽃 피이고 새 우는 집 내 집뿐이리 오 사랑 나의 집 즐거어운 나의 벗 내 지입뿐이리 고요한 밤 달빛도 창앞에 흐르면 내 푸으른 꿈길도 내 잊지 못하리 저 마앍은 바람아 가을이어디뇨 벌레에 우는 곳에 아기별눈뜨네 오 사랑 나의 집 즐거어운 나의 벗 내 지입뿐이리,ko,1.0,63,205,1,0.6666666666666666
kr007a,False,processed_dataset/CSD/korean/audio_rejected/kr007a.wav,../../data/raw/CSD/korean/wav/kr007a.wav,../../data/raw/CSD/korean/lyric/kr007a.txt,2025-10-24T22:19:51.059025+00:00,1.0.0,44100,44100,2,4.5351473922902495e-05,-inf,0.15083172917366028,0.0,3.662949765725898e-08,0.0,0.0,0.0,8009.025264923726,5287.390019604285,-1131.370849609375,0.0,0.0,0.0,0.0,0.0,0.0,0.0,0.0,0.0,0.0,0.0,0.0,0.0,0.0,0.0,0.0,0.0,0.0,0.0,0.0,0.0,0.0,0.0,0.0,0.0,0.5000001788139343,나뭇가지에 실처럼 날아든 솜사탕 하얀 눈처럼 희고도 깨끗한 솜사탕 엄마 손잡고 나들이 갈때 먹어본 솜사탕 후후 불면은 구멍이 뚫리는 커다란 솜사탕,ko,1.0,21,81,1,0.8571428571428571
kr011b,False,processed_dataset/CSD/korean/audio_rejected/kr011b.wav,../../data/raw/CSD/korean/wav/kr011b.wav,../../data/raw/CSD/korean/lyric/kr011b.txt,2025-10-24T22:19:51.072607+00:00,1.0.0,44100,44100,2,4.5351473922902495e-05,-inf,0.257549524307251,0.0,1.707963370733978e-08,0.0,0.0,0.0,8013.141220349164,5291.364071531694,-1131.370849609375,0.0,0.0,0.0,0.0,0.0,0.0,0.0,0.0,0.0,0.0,0.0,0.0,0.0,0.0,0.0,0.0,0.0,0.0,0.0,0.0,0.0,0.0,0.0,0.0,0.0,0.5000001192092896,뚱보가 뛰여와 갈비가 뛰여와 길모퉁이이에서 부딪혔다네 너 때문이야 너 때문이야 둘이는 화가 나서 뿡뿡뿡 뚱보가 뛰여와 갈비가 뛰여와 길모퉁이이에서 부딪혔다네 미안하다 미안하다 둘이는 조오아서 싱글벙글,ko,1.0,25,111,1,0.56
kr001b,False,processed_dataset/CSD/korean/audio_rejected/kr001b.wav,../../data/raw/CSD/korean/wav/kr001b.wav,../../data/raw/CSD/korean/lyric/kr001b.txt,2025-10-24T22:19:51.111039+00:00,1.0.0,44100,44100,2,4.5351473922902495e-05,-inf,3.8860604763031006,0.0,7.149569825060098e-09,0.0,0.0,0.0,8562.421106203132,5694.8096068209,-1131.370849609375,0.0,0.0,0.0,0.0,0.0,0.0,0.0,0.0,0.0,0.0,0.0,0.0,0.0,0.0,0.0,0.0,0.0,0.0,0.0,0.0,0.0,0.0,0.0,0.0,0.0,0.5,에이 비 씨 디 이 에프 지 에이치 아이 제이 케이 엘 엠 엔 오 피 큐 알 에스 티 유 브이 더블유 엑스 와이 지 우리 모두 다 함께 에이 비 씨 디 불러요 에이 비 씨 디 이 에프 지 에이치 아이 제이 케이 엘 엠 엔 오 피 큐 알 에스 티 유 브이 더블유 엑스 와이 지 친구들과 다 함께 에이 비 씨 디 재밌어,ko,1.0,69,176,1,0.463768115942029
kr030b,False,processed_dataset/CSD/korean/audio_rejected/kr030b.wav,../../data/raw/CSD/korean/wav/kr030b.wav,../../data/raw/CSD/korean/lyric/kr030b.txt,2025-10-24T22:19:51.122330+00:00,1.0.0,44100,44100,2,4.5351473922902495e-05,-inf,0.006738581694662571,0.0,5.048859108569559e-09,0.0,0.0,0.0,8006.402335475439,5284.776070063214,-1131.370849609375,0.0,0.0,0.0,0.0,0.0,0.0,0.0,0.0,0.0,0.0,0.0,0.0,0.0,0.0,0.0,0.0,0.0,0.0,0.0,0.0,0.0,0.0,0.0,0.0,0.0,0.5000003576278687,기쁘다 구주 오셨네 만 백성 맞아라 온 교오회에여어어 다 이일어어나아아 다 찬양하여라 다 찬양하여라 다 차안양 차아안양하여라 구세주 탄생했으니 다 찬양하여라 이 세에사앙에에에 만무울드을아아아 다 화답하여라 다 화답하여라 다 화아답 화아아답하여라 온 세상 죄를 사하러 주 예수 오셨네 죄와아 스을프으음 몰아아내애고오오 다 구원하시네 다 구원하시네 다 구우원 구우우원하시네,ko,1.0,48,206,1,0.6666666666666666
kr005b,False,processed_dataset/CSD/korean/audio_rejected/kr005b.wav,../../data/raw/CSD/korean/wav/kr005b.wav,../../data/raw/CSD/korean/lyric/kr005b.txt,2025-10-24T22:19:51.148965+00:00,1.0.0,44100,44100,2,4.5351473922902495e-05,-inf,0.39505136013031006,0.0,4.90150542376e-09,0.0,0.0,0.0,8020.596748317521,5298.3939185863155,-1131.370849609375,0.0,0.0,0.0,0.0,0.0,0.0,0.0,0.0,0.0,0.0,0.0,0.0,0.0,0.0,0.0,0.0,0.0,0.0,0.0,0.0,0.0,0.0,0.0,0.0,0.0,0.5000000596046448,내 동생 곱슬머리 개구쟁이 내 동생 이름은 하나인데 별명은 서너개 엄마가 부를 때는 꿀돼지 아빠가 부를 때는 두꺼비 누나가 부를 때는 왕자님 어떤 게 진짜인지 몰라 몰라 몰라 내 동생 곱슬머리 개구쟁이 내 동생 이름은 하나인데 별명은 서너개 잘먹고 건강하게 꿀돼지 착하고 복스럽게 두꺼비 용감하고 슬기롭게 왕자님 어떤 게 진짜인지 몰라 몰라 몰라,ko,1.0,53,193,1,0.49056603773584906
kr015a,False,processed_dataset/CSD/korean/audio_rejected/kr015a.wav,../../data/raw/CSD/korean/wav/kr015a.wav,../../data/raw/CSD/korean/lyric/kr015a.txt,2025-10-24T22:19:51.154049+00:00,1.0.0,44100,44100,2,4.5351473922902495e-05,-inf,1.1186751127243042,0.0,2.324501924277911e-09,0.0,0.0,0.0,8088.987803666263,5358.688395061423,-1131.370849609375,0.0,0.0,0.0,0.0,0.0,0.0,0.0,0.0,0.0,0.0,0.0,0.0,0.0,0.0,0.0,0.0,0.0,0.0,0.0,0.0,0.0,0.0,0.0,0.0,0.0,0.5,호롱호롱호롱 산새소리에 잠 깨어 뜰로 나가니 풀잎마다 송송이 맺힌 이슬 아름다워 은쟁반에 가득 담아 아가 옷 지어볼까아아 색실에 곱게 끼워 엄마 목걸이 마안들까 호롱호롱호롱 산새소리에 잠 깨어 뜰로 나가니 풀잎마다 송송이 맺힌 이슬 아름다워 호롱호롱호롱 산새소리에 잠 깨어 뜰로 나가니 풀잎마다 송송이 맺힌 이슬 아름다워 편지속에 가득 넣어 해님께 보내볼까아아 햇살에 곱게 달아 구름에 메어 띄어볼까 호롱호롱호롱 산새소리에 잠 깨어 뜰로 나가니 풀잎마다 송송이 맺힌 이슬 아름다워,ko,1.0,67,268,1,0.47761194029850745
kr046b,False,processed_dataset/CSD/korean/audio_rejected/kr046b.wav,../../data/raw/CSD/korean/wav/kr046b.wav,../../data/raw/CSD/korean/lyric/kr046b.txt,2025-10-24T22:19:51.174133+00:00,1.0.0,44100,44100,2,4.5351473922902495e-05,-inf,7.307895660400391,0.0,1.723785281182444e-10,0.0,0.0,0.0,9221.60023511968,6023.698608874655,-1131.370849609375,0.0,0.0,0.0,0.0,0.0,0.0,0.0,0.0,0.0,0.0,0.0,0.0,0.0,0.0,0.0,0.0,0.0,0.0,0.0,0.0,0.0,0.0,0.0,0.0,0.0,0.5,기차 타고 시인나게 달려가 보자 높은 산도 지이나고 넓은 들도 지나고 푸른 산을 지날 때엔 산새를 찾고 넓은 바다 지날 때엔 물새와 놀고 설레임을 가득 안고 달려가 보자 새애로운 세에상이 자꾸 자꾸 보인다 기차 타고 시인나게 달려가 보자 높은 산도 지이나고 넓은 들도 지나고 따아뜻한 마음으을 서로 나누면 처음 만난 옆사람도 정다운 이웃 즐거움을 가득 안고 달려가 보자 아름다운 세에상이 자꾸 자꾸 보인다,ko,1.0,63,226,1,0.6031746031746031
kr046a,False,processed_dataset/CSD/korean/audio_rejected/kr046a.wav,../../data/raw/CSD/korean/wav/kr046a.wav,../../data/raw/CSD/korean/lyric/kr046a.txt,2025-10-24T22:19:51.242128+00:00,1.0.0,44100,44100,2,4.5351473922902495e-05,-inf,0.02540304884314537,0.0,1.1707591340837098e-08,0.0,0.0,0.0,8006.50480482445,5284.882895966225,-1131.370849609375,0.0,0.0,0.0,0.0,0.0,0.0,0.0,0.0,0.0,0.0,0.0,0.0,0.0,0.0,0.0,0.0,0.0,0.0,0.0,0.0,0.0,0.0,0.0,0.0,0.0,0.5000003576278687,기차 타고 시인나게 달려가 보자 높은 산도 지이나고 넓은 들도 지나고 푸른 산을 지날 때엔 산새를 찾고 넓은 바다 지날 때엔 물새와 놀고 설레임을 가득 안고 달려가 보자 새애로운 세에상이 자꾸 자꾸 보인다 기차 타고 시인나게 달려가 보자 높은 산도 지이나고 넓은 들도 지나고 따아뜻한 마음으을 서로 나누면 처음 만난 옆사람도 정다운 이웃 즐거움을 가득 안고 달려가 보자 아름다운 세에상이 자꾸 자꾸 보인다,ko,1.0,63,226,1,0.6031746031746031
kr002b,False,processed_dataset/CSD/korean/audio_rejected/kr002b.wav,../../data/raw/CSD/korean/wav/kr002b.wav,../../data/raw/CSD/korean/lyric/kr002b.txt,2025-10-24T22:19:51.321004+00:00,1.0.0,44100,44100,2,4.5351473922902495e-05,-inf,0.04610632359981537,0.0,2.1962842211564748e-08,0.0,0.0,0.0,8006.7147285194005,5285.097605574957,-1131.370849609375,0.0,0.0,0.0,0.0,0.0,0.0,0.0,0.0,0.0,0.0,0.0,0.0,0.0,0.0,0.0,0.0,0.0,0.0,0.0,0.0,0.0,0.0,0.0,0.0,0.0,0.5000003576278687,천사들의 노래가 하늘에서 들리니 산과 들이 기뻐서 메아리 쳐 울린다 여 어어어어어 어어어어어 어어어어엉광을 높이 계신 주께 여 어어어어어 어어어어어 어어어어엉광을 높이 계신 주님께 한밤 중에 목자들 양떼들을 지킬 때 아름다운 노래가 청아하게 들린다 여 어어어어어 어어어어어 어어어어엉광을 높이 계신 주께 여 어어어어어 어어어어어 어어어어엉광을 높이 계신 주님께 베들레헴 달려가 나신 아기 예수께 꿇어 경배합시다 탄생하신 아기께 여 어어어어어 어어어어어 어어어어엉광을 높이 계신 주께 여 어어어어어 어어어어어 어어어어엉광을 높이 계신 주님께,ko,1.0,71,301,1,0.49295774647887325
kr032b,False,processed_dataset/CSD/korean/audio_rejected/kr032b.wav,../../data/raw/CSD/korean/wav/kr032b.wav,../../data/raw/CSD/korean/lyric/kr032b.txt,2025-10-24T22:19:51.383440+00:00,1.0.0,44100,44100,2,4.5351473922902495e-05,-inf,1.9934444427490234,0.0,1.337832733483424e-09,0.0,0.0,0.0,8214.616270132205,5459.1107032332775,-1131.370849609375,0.0,0.0,0.0,0.0,0.0,0.0,0.0,0.0,0.0,0.0,0.0,0.0,0.0,0.0,0.0,0.0,0.0,0.0,0.0,0.0,0.0,0.0,0.0,0.0,0.0,0.5,오랫동안 사귀였던 정든 내 친구여 작별이란 왠말인가 가야만 하는가 어디 간들 잊으리오 두터운 우리 정 다시 만날 그 날 위해 노래를 부르자 잘 가시오 잘 있으오 서로 손목 잡고 석별의 정 잊지 못해 눈물만 흘리네 이 자리를 이 마음을 길이 간직하고 다시 만날 그 날 위해 노래를 부르자,ko,1.0,48,159,1,0.7916666666666666
kr008a,False,processed_dataset/CSD/korean/audio_rejected/kr008a.wav,../../data/raw/CSD/korean/wav/kr008a.wav,../../data/raw/CSD/korean/lyric/kr008a.txt,2025-10-24T22:19:51.389636+00:00,1.0.0,44100,44100,2,4.5351473922902495e-05,-inf,0.7661092281341553,0.0,1.5681136389389394e-09,0.0,0.0,0.0,8050.4068017650725,5325.383023483263,-1131.370849609375,0.0,0.0,0.0,0.0,0.0,0.0,0.0,0.0,0.0,0.0,0.0,0.0,0.0,0.0,0.0,0.0,0.0,0.0,0.0,0.0,0.0,0.0,0.0,0.0,0.0,0.5,믿을 수 있나요 나의 꿈 속에선 너는 마아법에 빠진 공주란 걸 언제나 너를 햐앙한 몸짓은 수많은 어려움 뿐이지마안 그러나 언제나 굳은 다아짐 뿐이죠 다시 너어를 구하고 말거라고 두 손을 모아 기도했죠 끝없는 용기와 지혤 달라고 마법의 성을 지나 늪을 거언너 어둠의 동굴 속 멀리 그대가 보여 이제 나의 손을 잡아보아요 우리의 몸이 떠오르는 것을 느끼죠 자유롭게 저 하늘을 날아가도 놀라지 말아요 우리 앞에 펼쳐진 세상이 너무나 소중해 함께라면 마법의 성을 지나 늪을 거언너 어둠의 동굴 속 멀리 그대가 보여 이제 나의 손을 잡아보아요 우리의 몸이 떠오르는 것을 느끼죠 자유롭게 저 하늘을 날아가도 놀라지 말아요 우리 앞에 펼쳐진 세상이,ko,1.0,98,355,1,0.6632653061224489
kr008b,False,processed_dataset/CSD/korean/audio_rejected/kr008b.wav,../../data/raw/CSD/korean/wav/kr008b.wav,../../data/raw/CSD/korean/lyric/kr008b.txt,2025-10-24T22:19:51.498527+00:00,1.0.0,44100,44100,2,4.5351473922902495e-05,-inf,0.149819016456604,0.0,3.735340481370031e-09,0.0,0.0,0.0,8008.995375209496,5287.360775399356,-1131.370849609375,0.0,0.0,0.0,0.0,0.0,0.0,0.0,0.0,0.0,0.0,0.0,0.0,0.0,0.0,0.0,0.0,0.0,0.0,0.0,0.0,0.0,0.0,0.0,0.0,0.0,0.5000001788139343,믿을 수 있나요 나의 꿈 속에선 너는 마아법에 빠진 공주란 걸 언제나 너를 햐앙한 몸짓은 수많은 어려움 뿐이지마안 그러나 언제나 굳은 다아짐 뿐이죠 다시 너어를 구하고 말거라고 두 손을 모아 기도했죠 끝없는 용기와 지혤 달라고 마법의 성을 지나 늪을 거언너 어둠의 동굴 속 멀리 그대가 보여 이제 나의 손을 잡아보아요 우리의 몸이 떠오르는 것을 느끼죠 자유롭게 저 하늘을 날아가도 놀라지 말아요 우리 앞에 펼쳐진 세상이 너무나 소중해 함께라면 마법의 성을 지나 늪을 거언너 어둠의 동굴 속 멀리 그대가 보여 이제 나의 손을 잡아보아요 우리의 몸이 떠오르는 것을 느끼죠 자유롭게 저 하늘을 날아가도 놀라지 말아요 우리 앞에 펼쳐진 세상이,ko,1.0,98,355,1,0.6632653061224489
